Id,Prediction,Date,File,StartTime,ElapsedTime,BusyTime,Commands,editOrInsertPercentage,debugPercentage,navigationPercentage,focusPercentage,removePercentage,editPercentage,COMMAND_RATE,NAVIGATION_RATE,DEBUG_RATE,FOCUS_RATE,EDIT_RATE,REMOVE_RATE,INSERT_RATE,webLinkTimes,Web Page Visits
1,,Wed Dec 01 19:19:33 EST 2021,OperationRegistererOverride.java,1638404373935,20985,0,(D)1(I)6(F)3,0.6,10.0,0.0,30.0,0.0,0.0,0.5,0.0,0.05,0.15,0.0,0.0,0.3,0.0,[]
,/modelData/A0UserStudy2010.arff,Wed Dec 01 19:19:33 EST 2021,OperationRegistererOverride.java, 1638404373935
2,,Wed Dec 01 19:20:05 EST 2021,SExpressionWLambdaEvaluator.java,1638404405062,21143,0,(F)1(I)2(D)1(I)1(D)1(F)2(I)1(F)1,0.4,20.0,0.0,40.0,0.0,0.0,0.47619047619047616,0.0,0.09523809523809523,0.19047619047619047,0.0,0.0,0.19047619047619047,0.0,[]
3,,Wed Dec 01 19:20:26 EST 2021,OperationRegistererOverride.java,1638404426205,119546,0,(F)3(I)1(R)1(F)4(I)4(F)1,0.35714285714285715,0.0,0.0,57.14285714285714,0.0,0.0,0.11764705882352941,0.0,0.0,0.06722689075630252,0.0,0.008403361344537815,0.04201680672268908,0.0,[]
4,,Wed Dec 01 19:22:32 EST 2021,SExpressionWLambdaEvaluator.java,1638404552570,29831,0,(F)5(I)8(R)5(I)2,0.5,0.0,0.0,25.0,0.0,0.0,0.6896551724137931,0.0,0.0,0.1724137931034483,0.0,0.1724137931034483,0.3448275862068966,4.0,[1638404563132 18 Java-lisp-interpreter/src/main/lisp/evaluator/function at master · avitkus/Java-lisp-interpreter https://github.com/avitkus/Java-lisp-interpreter/tree/master/src/main/lisp/evaluator/function, 1638404564155 12 Java-lisp-interpreter/Lambda.java at master · avitkus/Java-lisp-interpreter https://github.com/avitkus/Java-lisp-interpreter/blob/master/src/main/lisp/evaluator/function/Lambda.java, 1638404562412 4 Java-lisp-interpreter/BasicLambda.java at master · avitkus/Java-lisp-interpreter https://github.com/avitkus/Java-lisp-interpreter/blob/master/src/main/lisp/evaluator/function/BasicLambda.java, 1638404568465 1 Java-lisp-interpreter/Atom.java at 9abd6728a6d99c7589b1e12d6492fa30a69f2129 · avitkus/Java-lisp-interpreter https://github.com/avitkus/Java-lisp-interpreter/blob/9abd6728a6d99c7589b1e12d6492fa30a69f2129/src/main/lisp/parser/terms/Atom.java#L10]
5,,Wed Dec 01 19:23:02 EST 2021,SExpressionWLambdaEvaluator.java,1638404582588,7472,7472,(I)2(R)2(I)17,0.9047619047619048,0.0,0.0,0.0,0.0,0.0,3.0,0.0,0.0,0.0,0.0,0.2857142857142857,2.7142857142857144,0.0,[]
6,,Wed Dec 01 19:23:10 EST 2021,SExpressionWLambdaEvaluator.java,1638404590307,-9090,-9090,(I)8(R)2(I)1(R)1,0.75,0.0,0.0,0.0,0.0,0.0,0.0,0.0,0.0,0.0,0.0,null,0.0,0.0,[]
7,,Wed Dec 01 19:23:02 EST 2021,SExpressionWLambdaEvaluator.java,1638404582237,21089,0,(I)1(R)1(I)15,0.9411764705882353,0.0,0.0,0.0,0.0,0.0,0.8095238095238095,0.0,0.0,0.0,0.0,0.047619047619047616,0.7619047619047619,0.0,[]
8,,Wed Dec 01 19:23:23 EST 2021,SExpressionWLambdaEvaluator.java,1638404603374,12131,0,(I)4(D)1(F)4(I)1,0.5,10.0,0.0,40.0,0.0,0.0,0.8333333333333334,0.0,0.08333333333333333,0.3333333333333333,0.0,0.0,0.4166666666666667,0.0,[]
9,,Wed Dec 01 19:23:35 EST 2021,SExpressionWLambdaEvaluator.java,1638404615584,45848,0,(D)1(F)4(I)10(R)2(I)3,0.65,5.0,0.0,20.0,0.0,0.0,0.4444444444444444,0.0,0.022222222222222223,0.08888888888888889,0.0,0.044444444444444446,0.28888888888888886,0.0,[]
10,,Wed Dec 01 19:24:21 EST 2021,SExpressionWLambdaEvaluator.java,1638404661607,10325,0,(I)24,1.0,0.0,0.0,0.0,0.0,0.0,2.4,0.0,0.0,0.0,0.0,0.0,2.4,0.0,[]
11,,Wed Dec 01 19:24:31 EST 2021,SExpressionWLambdaEvaluator.java,1638404671932,18915,0,(F)2(I)1(D)1(F)4(I)1(D)1(I)1,0.2727272727272727,18.181818181818183,0.0,54.54545454545454,0.0,0.0,0.6111111111111112,0.0,0.1111111111111111,0.3333333333333333,0.0,0.0,0.16666666666666666,0.0,[]
12,,Wed Dec 01 19:24:56 EST 2021,SExpressionWLambdaEvaluator.java,1638404696369,8866,8866,(I)3(D)1(F)2(I)1(F)2(D)1,0.4,20.0,0.0,40.0,0.0,0.0,1.25,0.0,0.25,0.5,0.0,0.0,0.5,0.0,[]
13,,Wed Dec 01 19:25:43 EST 2021,SExpressionWLambdaEvaluator.java,1638404743549,42795,0,(I)2(R)1(I)2(F)2(I)1(F)4(I)1,0.46153846153846156,0.0,0.0,46.15384615384615,0.0,0.0,0.30952380952380953,0.0,0.0,0.14285714285714285,0.0,0.023809523809523808,0.14285714285714285,0.0,[]
14,,Wed Dec 01 19:26:27 EST 2021,SExpressionWLambdaEvaluator.java,1638404787715,-115369,-115369,(F)8(I)8(R)1(I)2,0.5263157894736842,0.0,0.0,42.10526315789473,0.0,0.0,0.0,0.0,0.0,0.0,0.0,null,0.0,0.0,[]
15,,Wed Dec 01 19:24:56 EST 2021,SExpressionWLambdaEvaluator.java,1638404696671,170442,0,(I)2(R)1(I)11(R)4(I)1(R)1(I)2,0.7272727272727273,0.0,0.0,0.0,0.0,0.0,0.12941176470588237,0.0,0.0,0.0,0.0,0.03529411764705882,0.09411764705882353,0.0,[]
16,,Wed Dec 01 19:27:48 EST 2021,SExpressionWLambdaEvaluator.java,1638404868919,26403,0,(R)2(I)10,0.8333333333333334,0.0,0.0,0.0,0.0,0.0,0.46153846153846156,0.0,0.0,0.0,0.0,0.07692307692307693,0.38461538461538464,0.0,[]
17,,Wed Dec 01 19:28:15 EST 2021,SExpressionWLambdaEvaluator.java,1638404895322,104328,0,(D)1(F)4(I)1(D)1(I)7,0.5714285714285714,14.285714285714285,0.0,28.57142857142857,0.0,0.0,0.1346153846153846,0.0,0.019230769230769232,0.038461538461538464,0.0,0.0,0.07692307692307693,0.0,[]
18,,Wed Dec 01 19:29:59 EST 2021,SExpressionWLambdaEvaluator.java,1638404999785,6329,6329,(I)19,1.0,0.0,0.0,0.0,0.0,0.0,3.1666666666666665,0.0,0.0,0.0,0.0,0.0,3.1666666666666665,0.0,[]
19,,Wed Dec 01 19:30:06 EST 2021,SExpressionWLambdaEvaluator.java,1638405006150,-115041,-115041,(D)1(F)2(I)2(R)1(I)1(R)1(I)3(R)1(I)1(R)1(I)1(R)1(I)1(R)1,0.5,5.555555555555555,0.0,11.11111111111111,0.0,0.0,0.0,0.0,0.0,0.0,0.0,null,0.0,0.0,[]
20,,Wed Dec 01 19:28:11 EST 2021,SExpressionWLambdaEvaluator.java,1638404891110,181252,0,(I)1(R)2(I)4(R)1(I)3(R)4(I)6,0.6666666666666666,0.0,0.0,0.0,0.0,0.0,0.11602209944751381,0.0,0.0,0.0,0.0,0.03867403314917127,0.07734806629834254,0.0,[]
21,,Wed Dec 01 19:31:12 EST 2021,SExpressionWLambdaEvaluator.java,1638405072966,30144,0,(I)5(D)1(F)2(I)1,0.6666666666666666,11.11111111111111,0.0,22.22222222222222,0.0,0.0,0.3,0.0,0.03333333333333333,0.06666666666666667,0.0,0.0,0.2,0.0,[]
22,,Wed Dec 01 19:31:43 EST 2021,SExpressionWLambdaEvaluator.java,1638405103110,23649,0,(D)1(I)1(R)1(D)1(I)2,0.5,33.33333333333333,0.0,0.0,0.0,0.0,0.2608695652173913,0.0,0.08695652173913043,0.0,0.0,0.043478260869565216,0.13043478260869565,0.0,[]
23,,Wed Dec 01 19:32:14 EST 2021,SExpressionWLambdaEvaluator.java,1638405134257,8174,8174,(I)5(R)1(I)4(R)1(I)3,0.8571428571428571,0.0,0.0,0.0,0.0,0.0,1.75,0.0,0.0,0.0,0.0,0.25,1.5,0.0,[]
24,,Wed Dec 01 19:32:22 EST 2021,SExpressionWLambdaEvaluator.java,1638405142894,93010,0,(I)3(F)12,0.2,0.0,0.0,80.0,0.0,0.0,0.16129032258064516,0.0,0.0,0.12903225806451613,0.0,0.0,0.03225806451612903,2.0,[1638405200079 20 Java-lisp-interpreter/BasicLambda.java at master · avitkus/Java-lisp-interpreter https://github.com/avitkus/Java-lisp-interpreter/tree/master/src/main/lisp/evaluator/function, 1638405200479 6 Java-lisp-interpreter/BasicLambda.java at master · avitkus/Java-lisp-interpreter https://github.com/avitkus/Java-lisp-interpreter/blob/master/src/main/lisp/evaluator/function/BasicLambda.java]
25,,Wed Dec 01 19:32:18 EST 2021,SExpressionWLambdaEvaluator.java,1638405138961,103174,0,(R)1(I)11(R)4(I)4(F)2,0.6818181818181818,0.0,0.0,9.090909090909092,0.0,0.0,0.21359223300970873,0.0,0.0,0.019417475728155338,0.0,0.04854368932038835,0.14563106796116504,2.0,[1638405200079 20 Java-lisp-interpreter/BasicLambda.java at master · avitkus/Java-lisp-interpreter https://github.com/avitkus/Java-lisp-interpreter/tree/master/src/main/lisp/evaluator/function, 1638405200479 6 Java-lisp-interpreter/BasicLambda.java at master · avitkus/Java-lisp-interpreter https://github.com/avitkus/Java-lisp-interpreter/blob/master/src/main/lisp/evaluator/function/BasicLambda.java]
26,,Wed Dec 01 19:34:06 EST 2021,SExpressionWLambdaEvaluator.java,1638405246984,11964,0,(I)1(R)1(I)1(F)4(I)1(F)4(I)3,0.4,0.0,0.0,53.333333333333336,0.0,0.0,1.3636363636363635,0.0,0.0,0.7272727272727273,0.0,0.09090909090909091,0.5454545454545454,0.0,[]
27,,Wed Dec 01 19:34:19 EST 2021,SExpressionWLambdaEvaluator.java,1638405259170,4209,4209,(I)24,1.0,0.0,0.0,0.0,0.0,0.0,6.0,0.0,0.0,0.0,0.0,0.0,6.0,0.0,[]
28,,Wed Dec 01 19:34:23 EST 2021,SExpressionWLambdaEvaluator.java,1638405263511,16370,0,(I)1(F)2(I)9(F)2(I)1(F)5,0.55,0.0,0.0,45.0,0.0,0.0,1.25,0.0,0.0,0.5625,0.0,0.0,0.6875,0.0,[]
29,,Wed Dec 01 19:34:39 EST 2021,SExpressionWLambdaEvaluator.java,1638405279881,30630,0,(F)1(I)1(F)4(I)4(F)2(I)2(F)1,0.4666666666666667,0.0,0.0,53.333333333333336,0.0,0.0,0.5,0.0,0.0,0.26666666666666666,0.0,0.0,0.23333333333333334,0.0,[]
30,,Wed Dec 01 19:35:11 EST 2021,SExpressionWLambdaEvaluator.java,1638405311182,7209,7209,(F)1(I)11(R)1(I)8,0.9047619047619048,0.0,0.0,4.761904761904762,0.0,0.0,3.0,0.0,0.0,0.14285714285714285,0.0,0.14285714285714285,2.7142857142857144,0.0,[]
31,,Wed Dec 01 19:35:20 EST 2021,SExpressionWLambdaEvaluator.java,1638405320239,26083,0,(I)2(F)4(I)1(R)1(I)7,0.6666666666666666,0.0,0.0,26.666666666666668,0.0,0.0,0.5769230769230769,0.0,0.0,0.15384615384615385,0.0,0.038461538461538464,0.38461538461538464,2.0,[1638405328467 2 java iterate list - Google Search https://www.google.com/search?q=java+iterate+list&rlz=1C1SQJL_enUS810US810&oq=java+iterate+list&aqs=chrome.0.0i512l10.2170j0j7&sourceid=chrome&ie=UTF-8, 1638405329618 1 How to iterate through Java List? Seven (7) ways to Iterate Through Loop in Java • Crunchify https://crunchify.com/how-to-iterate-through-java-list-4-way-to-iterate-through-loop/]
32,,Wed Dec 01 19:35:46 EST 2021,SExpressionWLambdaEvaluator.java,1638405346362,28239,0,(D)1(F)4(I)8,0.6153846153846154,7.6923076923076925,0.0,30.76923076923077,0.0,0.0,0.4642857142857143,0.0,0.03571428571428571,0.14285714285714285,0.0,0.0,0.2857142857142857,0.0,[]
33,,Wed Dec 01 19:36:14 EST 2021,SExpressionWLambdaEvaluator.java,1638405374674,3978,3978,(I)18(R)3(I)4,0.88,0.0,0.0,0.0,0.0,0.0,8.333333333333334,0.0,0.0,0.0,0.0,1.0,7.333333333333333,0.0,[]
34,,Wed Dec 01 19:36:18 EST 2021,SExpressionWLambdaEvaluator.java,1638405378805,-141173,-141173,(I)17(F)4(I)1,0.8181818181818182,0.0,0.0,18.181818181818183,0.0,0.0,0.0,0.0,0.0,0.0,0.0,null,0.0,0.0,[]
35,,Wed Dec 01 19:33:59 EST 2021,SExpressionWLambdaEvaluator.java,1638405239659,153579,0,(R)1(I)1(R)1(I)9(R)1(I)2(R)1(I)3(R)1(I)4,0.7916666666666666,0.0,0.0,0.0,0.0,0.0,0.1568627450980392,0.0,0.0,0.0,0.0,0.032679738562091505,0.12418300653594772,2.0,[1638405328467 2 java iterate list - Google Search https://www.google.com/search?q=java+iterate+list&rlz=1C1SQJL_enUS810US810&oq=java+iterate+list&aqs=chrome.0.0i512l10.2170j0j7&sourceid=chrome&ie=UTF-8, 1638405329618 1 How to iterate through Java List? Seven (7) ways to Iterate Through Loop in Java • Crunchify https://crunchify.com/how-to-iterate-through-java-list-4-way-to-iterate-through-loop/]
36,,Wed Dec 01 19:36:33 EST 2021,SExpressionWLambdaEvaluator.java,1638405393241,9797,9797,(I)17(R)3,0.85,0.0,0.0,0.0,0.0,0.0,2.2222222222222223,0.0,0.0,0.0,0.0,0.3333333333333333,1.8888888888888888,0.0,[]
37,,Wed Dec 01 19:36:44 EST 2021,SExpressionWLambdaEvaluator.java,1638405404568,4590,4590,(I)17,1.0,0.0,0.0,0.0,0.0,0.0,4.25,0.0,0.0,0.0,0.0,0.0,4.25,0.0,[]
38,,Wed Dec 01 19:36:49 EST 2021,SExpressionWLambdaEvaluator.java,1638405409483,7166,7166,(R)3(I)1(R)1(I)4(R)3(I)8,0.65,0.0,0.0,0.0,0.0,0.0,2.857142857142857,0.0,0.0,0.0,0.0,1.0,1.8571428571428572,0.0,[]
39,,Wed Dec 01 19:36:56 EST 2021,SExpressionWLambdaEvaluator.java,1638405416653,8245,8245,(R)1(I)1(R)1(I)16,0.8947368421052632,0.0,0.0,0.0,0.0,0.0,2.375,0.0,0.0,0.0,0.0,0.25,2.125,0.0,[]
40,,Wed Dec 01 19:37:04 EST 2021,SExpressionWLambdaEvaluator.java,1638405424993,22472,0,(I)7(R)6(I)5,0.6666666666666666,0.0,0.0,0.0,0.0,0.0,0.8181818181818182,0.0,0.0,0.0,0.0,0.2727272727272727,0.5454545454545454,0.0,[]
41,,Wed Dec 01 19:37:27 EST 2021,SExpressionWLambdaEvaluator.java,1638405447466,21633,0,(I)8(D)1(F)3,0.6666666666666666,8.333333333333332,0.0,25.0,0.0,0.0,0.5714285714285714,0.0,0.047619047619047616,0.14285714285714285,0.0,0.0,0.38095238095238093,0.0,[]
42,,Wed Dec 01 19:37:49 EST 2021,SExpressionWLambdaEvaluator.java,1638405469099,-45543,-45543,(F)1(I)1(D)1(I)2(R)1(I)4(R)2(I)1(R)1(I)1(R)2(I)1,0.5555555555555556,5.555555555555555,0.0,5.555555555555555,0.0,0.0,0.0,0.0,0.0,0.0,0.0,null,0.0,0.0,[]
43,,Wed Dec 01 19:37:06 EST 2021,SExpressionWLambdaEvaluator.java,1638405426224,133768,0,(I)2(R)1(I)16,0.9473684210526315,0.0,0.0,0.0,0.0,0.0,0.14285714285714285,0.0,0.0,0.0,0.0,0.007518796992481203,0.13533834586466165,0.0,[]
44,,Wed Dec 01 19:39:20 EST 2021,SExpressionWLambdaEvaluator.java,1638405560097,13165,0,(I)10(R)2(I)1,0.8461538461538461,0.0,0.0,0.0,0.0,0.0,1.0,0.0,0.0,0.0,0.0,0.15384615384615385,0.8461538461538461,0.0,[]
45,,Wed Dec 01 19:39:34 EST 2021,SExpressionWLambdaEvaluator.java,1638405574502,21258,0,(D)1(I)3(R)1(I)3,0.75,12.5,0.0,0.0,0.0,0.0,0.38095238095238093,0.0,0.047619047619047616,0.0,0.0,0.047619047619047616,0.2857142857142857,0.0,[]
46,,Wed Dec 01 19:39:56 EST 2021,SExpressionWLambdaEvaluator.java,1638405596380,42200,0,(I)4(D)1(F)2(I)1(F)2(I)1,0.5454545454545454,9.090909090909092,0.0,36.36363636363637,0.0,0.0,0.2619047619047619,0.0,0.023809523809523808,0.09523809523809523,0.0,0.0,0.14285714285714285,1.0,[1638405631575 2 How to iterate through Java List? Seven (7) ways to Iterate Through Loop in Java • Crunchify https://crunchify.com/how-to-iterate-through-java-list-4-way-to-iterate-through-loop/]
47,,Wed Dec 01 19:40:38 EST 2021,SExpressionWLambdaEvaluator.java,1638405638580,25981,0,(F)15,0.0,0.0,0.0,100.0,0.0,0.0,0.6,0.0,0.0,0.6,0.0,0.0,0.0,0.0,[]
48,,Wed Dec 01 19:41:06 EST 2021,SExpressionWLambdaEvaluator.java,1638405666157,34711,0,(F)5(I)4(R)2(I)7,0.6111111111111112,0.0,0.0,27.77777777777778,0.0,0.0,0.5294117647058824,0.0,0.0,0.14705882352941177,0.0,0.058823529411764705,0.3235294117647059,0.0,[]
49,,Wed Dec 01 19:41:40 EST 2021,SExpressionWLambdaEvaluator.java,1638405700881,25579,0,(D)1(F)2(I)1(D)1(I)7,0.6666666666666666,16.666666666666664,0.0,16.666666666666664,0.0,0.0,0.48,0.0,0.08,0.08,0.0,0.0,0.32,0.0,[]
50,,Wed Dec 01 19:42:06 EST 2021,SExpressionWLambdaEvaluator.java,1638405726666,17415,0,(I)2(D)1(I)1(D)2(F)3,0.3333333333333333,33.33333333333333,0.0,33.33333333333333,0.0,0.0,0.5294117647058824,0.0,0.17647058823529413,0.17647058823529413,0.0,0.0,0.17647058823529413,0.0,[]
51,,Wed Dec 01 19:42:27 EST 2021,SExpressionWLambdaEvaluator.java,1638405747854,22418,0,(F)1(I)1(F)2(I)1(D)1(F)2(I)1,0.3333333333333333,11.11111111111111,0.0,55.55555555555556,0.0,0.0,0.4090909090909091,0.0,0.045454545454545456,0.22727272727272727,0.0,0.0,0.13636363636363635,0.0,[]
52,,Wed Dec 01 19:42:50 EST 2021,SExpressionWLambdaEvaluator.java,1638405770301,37643,0,(D)2(I)1(F)4(D)1,0.125,37.5,0.0,50.0,0.0,0.0,0.21621621621621623,0.0,0.08108108108108109,0.10810810810810811,0.0,0.0,0.02702702702702703,0.0,[]
53,,Wed Dec 01 19:43:27 EST 2021,SExpressionWLambdaEvaluator.java,1638405807944,41367,0,(I)1(F)6(D)1(I)1(F)2(I)1,0.25,8.333333333333332,0.0,66.66666666666666,0.0,0.0,0.2926829268292683,0.0,0.024390243902439025,0.1951219512195122,0.0,0.0,0.07317073170731707,0.0,[]
54,,Wed Dec 01 19:44:09 EST 2021,SExpressionWLambdaEvaluator.java,1638405849311,25091,0,(F)14(D)1(F)1,0.0,6.25,0.0,93.75,0.0,0.0,0.64,0.0,0.04,0.6,0.0,0.0,0.0,0.0,[]
55,,Wed Dec 01 19:44:34 EST 2021,SExpressionWLambdaEvaluator.java,1638405874402,14604,0,(F)1(I)1(D)1(F)11,0.07142857142857142,7.142857142857142,0.0,85.71428571428571,0.0,0.0,1.0,0.0,0.07142857142857142,0.8571428571428571,0.0,0.0,0.07142857142857142,0.0,[]
56,,Wed Dec 01 19:45:16 EST 2021,SExpressionWLambdaEvaluator.java,1638405916040,180012,0,(F)5(I)2(D)1(F)6(I)1,0.2,6.666666666666667,0.0,73.33333333333333,0.0,0.0,0.08333333333333333,0.0,0.005555555555555556,0.06111111111111111,0.0,0.0,0.016666666666666666,0.0,[]
57,,Wed Dec 01 19:48:16 EST 2021,SExpressionWLambdaEvaluator.java,1638406096114,25491,0,(D)2(F)2(I)1(D)1(F)2,0.125,37.5,0.0,50.0,0.0,0.0,0.32,0.0,0.12,0.16,0.0,0.0,0.04,0.0,[]
58,,Wed Dec 01 19:48:42 EST 2021,SExpressionWLambdaEvaluator.java,1638406122617,34711,0,(D)1(I)1(F)4(I)1(F)2,0.2222222222222222,11.11111111111111,0.0,66.66666666666666,0.0,0.0,0.2647058823529412,0.0,0.029411764705882353,0.17647058823529413,0.0,0.0,0.058823529411764705,0.0,[]
59,,Wed Dec 01 19:49:17 EST 2021,SExpressionWLambdaEvaluator.java,1638406157328,35178,0,(F)2(D)1(F)2(I)2(F)4,0.18181818181818182,9.090909090909092,0.0,72.72727272727273,0.0,0.0,0.3142857142857143,0.0,0.02857142857142857,0.22857142857142856,0.0,0.0,0.05714285714285714,0.0,[]
60,,Wed Dec 01 19:49:57 EST 2021,test.lisp,1638406197232,56118,0,(I)1(R)1(I)1(R)2(I)1(R)2(F)2,0.3,0.0,0.0,20.0,0.0,0.0,0.17857142857142858,0.0,0.0,0.03571428571428571,0.0,0.08928571428571429,0.05357142857142857,1.0,[1638406233183 4 How to iterate through Java List? Seven (7) ways to Iterate Through Loop in Java • Crunchify https://crunchify.com/how-to-iterate-through-java-list-4-way-to-iterate-through-loop/]
61,,Wed Dec 01 19:50:53 EST 2021,newTest.lisp,1638406253350,60504,0,(F)13,0.0,0.0,0.0,100.0,0.0,0.0,0.21666666666666667,0.0,0.0,0.21666666666666667,0.0,0.0,0.0,2.0,[1638406265835 35 Assignment-6.docx - Google Docs https://docs.google.com/document/d/1vDGOP1LhUlGlwbPQf52p_k0IgNqn9Ibq/edit#, 1638406261268 1 Assignment-6.docx - Google Docs https://docs.google.com/document/d/1vDGOP1LhUlGlwbPQf52p_k0IgNqn9Ibq/edit#heading=h.9jj59en4vcoq]
62,,Wed Dec 01 19:51:55 EST 2021,newTest.lisp,1638406315704,41379,0,(F)5(D)1(F)3,0.0,11.11111111111111,0.0,88.88888888888889,0.0,0.0,0.21951219512195122,0.0,0.024390243902439025,0.1951219512195122,0.0,0.0,0.0,0.0,[]
63,,Wed Dec 01 19:52:38 EST 2021,newTest.lisp,1638406358999,50277,0,(F)14,0.0,0.0,0.0,100.0,0.0,0.0,0.28,0.0,0.0,0.28,0.0,0.0,0.0,0.0,[]
64,,Wed Dec 01 19:53:29 EST 2021,newTest.lisp,1638406409276,68649,0,(F)3(D)1(F)4,0.0,12.5,0.0,87.5,0.0,0.0,0.11764705882352941,0.0,0.014705882352941176,0.10294117647058823,0.0,0.0,0.0,0.0,[]
65,,Wed Dec 01 19:54:40 EST 2021,LambdaEvaluator.java,1638406480643,39190,0,(F)4(I)1(F)2(I)11,0.6666666666666666,0.0,0.0,33.33333333333333,0.0,0.0,0.46153846153846156,0.0,0.0,0.15384615384615385,0.0,0.0,0.3076923076923077,0.0,[]
66,,Wed Dec 01 19:55:19 EST 2021,LambdaEvaluator.java,1638406519834,-34133,-34133,(I)1(R)2(I)1(R)1(I)4(R)1(I)2(R)3,0.5333333333333333,0.0,0.0,0.0,0.0,0.0,0.0,0.0,0.0,0.0,0.0,null,0.0,0.0,[]
67,,Wed Dec 01 19:55:17 EST 2021,LambdaEvaluator.java,1638406517969,11241,0,(I)3(R)2(I)5(R)3(I)7,0.75,0.0,0.0,0.0,0.0,0.0,1.8181818181818181,0.0,0.0,0.0,0.0,0.45454545454545453,1.3636363636363635,0.0,[]
68,,Wed Dec 01 19:55:29 EST 2021,LambdaEvaluator.java,1638406529361,2959,2959,(I)6(R)2(I)17,0.92,0.0,0.0,0.0,0.0,0.0,12.5,0.0,0.0,0.0,0.0,1.0,11.5,0.0,[]
69,,Wed Dec 01 19:55:32 EST 2021,LambdaEvaluator.java,1638406532443,34809,0,(I)21,1.0,0.0,0.0,0.0,0.0,0.0,0.6176470588235294,0.0,0.0,0.0,0.0,0.0,0.6176470588235294,1.0,[1638406534359 5 How to iterate through Java List? Seven (7) ways to Iterate Through Loop in Java • Crunchify https://crunchify.com/how-to-iterate-through-java-list-4-way-to-iterate-through-loop/]
70,,Wed Dec 01 19:56:07 EST 2021,LambdaEvaluator.java,1638406567366,3474,3474,(I)25,1.0,0.0,0.0,0.0,0.0,0.0,8.333333333333334,0.0,0.0,0.0,0.0,0.0,8.333333333333334,0.0,[]
71,,Wed Dec 01 19:56:11 EST 2021,LambdaEvaluator.java,1638406571017,6479,6479,(I)23,1.0,0.0,0.0,0.0,0.0,0.0,3.8333333333333335,0.0,0.0,0.0,0.0,0.0,3.8333333333333335,0.0,[]
72,,Wed Dec 01 19:56:20 EST 2021,LambdaEvaluator.java,1638406580004,19868,0,(I)15,1.0,0.0,0.0,0.0,0.0,0.0,0.7894736842105263,0.0,0.0,0.0,0.0,0.0,0.7894736842105263,0.0,[]
73,,Wed Dec 01 19:56:39 EST 2021,LambdaEvaluator.java,1638406599872,35664,0,(I)1(F)2(D)1(I)2(F)2,0.375,12.5,0.0,50.0,0.0,0.0,0.22857142857142856,0.0,0.02857142857142857,0.11428571428571428,0.0,0.0,0.08571428571428572,0.0,[]
74,,Wed Dec 01 19:57:18 EST 2021,newTest.lisp,1638406638763,89946,0,(D)2,0.0,100.0,0.0,0.0,0.0,0.0,0.02247191011235955,0.0,0.02247191011235955,0.0,0.0,0.0,0.0,0.0,[]
75,,Wed Dec 01 19:58:51 EST 2021,newTest.lisp,1638406731102,48699,0,(F)6,0.0,0.0,0.0,100.0,0.0,0.0,0.125,0.0,0.0,0.125,0.0,0.0,0.0,0.0,[]
76,,Wed Dec 01 19:59:40 EST 2021,newTest.lisp,1638406780224,149509,0,(F)14,0.0,0.0,0.0,100.0,0.0,0.0,0.09395973154362416,0.0,0.0,0.09395973154362416,0.0,0.0,0.0,10.0,[1638406872040 21 Assignments - Google Drive https://drive.google.com/drive/u/0/folders/1-3bqol85BpI3zfmiXTTI7AaC7-g7XaGb, 1638406868274 18 Lectures - Google Drive https://drive.google.com/drive/u/0/folders/14RRzusx6-WneUxkScwrdUR3MZFz_f1I9, 1638406876152 11 Assignment-2.docx - Google Docs https://docs.google.com/document/d/1RoFtAk6TXAdGyC67g8gX_2pA3g3RbNyg/edit?usp=drive_web&ouid=112456009622891420491&rtpof=true, 1638406891889 12 Assignment-1.docx - Google Docs https://docs.google.com/document/d/1RpNTObcpoW3bl-WDh8IxVn47LwFidF-l/edit?usp=drive_web&ouid=112456009622891420491&rtpof=true, 1638406891934 6 Assignment-1.docx - Google Docs https://docs.google.com/document/d/1RpNTObcpoW3bl-WDh8IxVn47LwFidF-l/edit?rtpof=true, 1638406896213 370 Assignment-1.docx - Google Docs https://docs.google.com/document/d/1RpNTObcpoW3bl-WDh8IxVn47LwFidF-l/edit, 1638406876175 5 Assignment-2.docx - Google Docs https://docs.google.com/document/d/1RoFtAk6TXAdGyC67g8gX_2pA3g3RbNyg/edit?rtpof=true, 1638406880116 281 Assignment-2.docx - Google Docs https://docs.google.com/document/d/1RoFtAk6TXAdGyC67g8gX_2pA3g3RbNyg/edit, 1638406835689 6 How to iterate through Java List? Seven (7) ways to Iterate Through Loop in Java • Crunchify https://crunchify.com/how-to-iterate-through-java-list-4-way-to-iterate-through-loop/]
77,,Wed Dec 01 20:02:10 EST 2021,newTest.lisp,1638406930274,73245,0,(F)16,0.0,0.0,0.0,100.0,0.0,0.0,0.2191780821917808,0.0,0.0,0.2191780821917808,0.0,0.0,0.0,0.0,[]
79,,Wed Dec 01 19:56:20 EST 2021,newTest.lisp,1638406580004,532742,0,(I)2,1.0,0.0,0.0,0.0,0.0,0.0,0.0037593984962406013,0.0,0.0,0.0,0.0,0.0,0.0037593984962406013,10.0,[1638406872040 21 Assignments - Google Drive https://drive.google.com/drive/u/0/folders/1-3bqol85BpI3zfmiXTTI7AaC7-g7XaGb, 1638406868274 18 Lectures - Google Drive https://drive.google.com/drive/u/0/folders/14RRzusx6-WneUxkScwrdUR3MZFz_f1I9, 1638406876152 11 Assignment-2.docx - Google Docs https://docs.google.com/document/d/1RoFtAk6TXAdGyC67g8gX_2pA3g3RbNyg/edit?usp=drive_web&ouid=112456009622891420491&rtpof=true, 1638406891889 12 Assignment-1.docx - Google Docs https://docs.google.com/document/d/1RpNTObcpoW3bl-WDh8IxVn47LwFidF-l/edit?usp=drive_web&ouid=112456009622891420491&rtpof=true, 1638406891934 6 Assignment-1.docx - Google Docs https://docs.google.com/document/d/1RpNTObcpoW3bl-WDh8IxVn47LwFidF-l/edit?rtpof=true, 1638406896213 370 Assignment-1.docx - Google Docs https://docs.google.com/document/d/1RpNTObcpoW3bl-WDh8IxVn47LwFidF-l/edit, 1638406876175 5 Assignment-2.docx - Google Docs https://docs.google.com/document/d/1RoFtAk6TXAdGyC67g8gX_2pA3g3RbNyg/edit?rtpof=true, 1638406880116 281 Assignment-2.docx - Google Docs https://docs.google.com/document/d/1RoFtAk6TXAdGyC67g8gX_2pA3g3RbNyg/edit, 1638406835689 6 How to iterate through Java List? Seven (7) ways to Iterate Through Loop in Java • Crunchify https://crunchify.com/how-to-iterate-through-java-list-4-way-to-iterate-through-loop/]
80,,Wed Dec 01 20:05:12 EST 2021,newTest.lisp,1638407112746,33392,0,(D)1(F)4(D)2,0.0,42.857142857142854,0.0,57.14285714285714,0.0,0.0,0.21212121212121213,0.0,0.09090909090909091,0.12121212121212122,0.0,0.0,0.0,1.0,[1638407136466 7 How to iterate through Java List? Seven (7) ways to Iterate Through Loop in Java • Crunchify https://crunchify.com/how-to-iterate-through-java-list-4-way-to-iterate-through-loop/]
81,,Wed Dec 01 20:05:51 EST 2021,newTest.lisp,1638407151970,30654,0,(F)2(D)2(F)7,0.0,18.181818181818183,0.0,81.81818181818183,0.0,0.0,0.36666666666666664,0.0,0.06666666666666667,0.3,0.0,0.0,0.0,0.0,[]
82,,Wed Dec 01 20:06:45 EST 2021,newTest.lisp,1638407205173,61956,0,(F)3(D)1(F)1,0.0,20.0,0.0,80.0,0.0,0.0,0.08196721311475409,0.0,0.01639344262295082,0.06557377049180328,0.0,0.0,0.0,0.0,[]
83,,Wed Dec 01 20:07:47 EST 2021,newTest.lisp,1638407267129,50944,0,(F)10,0.0,0.0,0.0,100.0,0.0,0.0,0.2,0.0,0.0,0.2,0.0,0.0,0.0,0.0,[]
84,,Wed Dec 01 20:08:38 EST 2021,newTest.lisp,1638407318073,64154,0,(F)13,0.0,0.0,0.0,100.0,0.0,0.0,0.203125,0.0,0.0,0.203125,0.0,0.0,0.0,3.0,[1638407340708 14 Assignment-1.docx - Google Docs https://docs.google.com/document/d/1RpNTObcpoW3bl-WDh8IxVn47LwFidF-l/edit?usp=drive_web&ouid=112456009622891420491&rtpof=true, 1638407340742 7 Assignment-1.docx - Google Docs https://docs.google.com/document/d/1RpNTObcpoW3bl-WDh8IxVn47LwFidF-l/edit?rtpof=true, 1638407344518 428 Assignment-1.docx - Google Docs https://docs.google.com/document/d/1RpNTObcpoW3bl-WDh8IxVn47LwFidF-l/edit]
85,,Wed Dec 01 20:09:42 EST 2021,newTest.lisp,1638407382227,82519,0,(F)2(D)1(F)7,0.0,10.0,0.0,90.0,0.0,0.0,0.12195121951219512,0.0,0.012195121951219513,0.10975609756097561,0.0,0.0,0.0,17.0,[1638407411478 3 10-Lisp-Nested-Environment-Lambda-3.pptx - Google Slides https://docs.google.com/presentation/d/1v61CHrccVbVLn2nAcLce5DCWSIznWtYs/edit#slide=id.p2, 1638407416304 3 10-Lisp-Nested-Environment-Lambda-3.pptx - Google Slides https://docs.google.com/presentation/d/1v61CHrccVbVLn2nAcLce5DCWSIznWtYs/edit#slide=id.p8, 1638407417592 4 10-Lisp-Nested-Environment-Lambda-3.pptx - Google Slides https://docs.google.com/presentation/d/1v61CHrccVbVLn2nAcLce5DCWSIznWtYs/edit#slide=id.p9, 1638407418629 10 10-Lisp-Nested-Environment-Lambda-3.pptx - Google Slides https://docs.google.com/presentation/d/1v61CHrccVbVLn2nAcLce5DCWSIznWtYs/edit#slide=id.p10, 1638407412368 2 10-Lisp-Nested-Environment-Lambda-3.pptx - Google Slides https://docs.google.com/presentation/d/1v61CHrccVbVLn2nAcLce5DCWSIznWtYs/edit#slide=id.p3, 1638407414845 2 10-Lisp-Nested-Environment-Lambda-3.pptx - Google Slides https://docs.google.com/presentation/d/1v61CHrccVbVLn2nAcLce5DCWSIznWtYs/edit#slide=id.p7, 1638407421943 2 11-Lisp-FunctionExpression-2.pptx - Google Slides https://docs.google.com/presentation/d/1vT1IF0qxAWfaai-a2G4LDGIVSc-Emcv-/edit#slide=id.p2, 1638407422861 2 11-Lisp-FunctionExpression-2.pptx - Google Slides https://docs.google.com/presentation/d/1vT1IF0qxAWfaai-a2G4LDGIVSc-Emcv-/edit#slide=id.p3, 1638407437298 8 How to iterate through Java List? Seven (7) ways to Iterate Through Loop in Java • Crunchify https://crunchify.com/how-to-iterate-through-java-list-4-way-to-iterate-through-loop/, 1638407414006 1 10-Lisp-Nested-Environment-Lambda-3.pptx - Google Slides https://docs.google.com/presentation/d/1v61CHrccVbVLn2nAcLce5DCWSIznWtYs/edit#slide=id.p4, 1638407414197 1 10-Lisp-Nested-Environment-Lambda-3.pptx - Google Slides https://docs.google.com/presentation/d/1v61CHrccVbVLn2nAcLce5DCWSIznWtYs/edit#slide=id.p5, 1638407414614 1 10-Lisp-Nested-Environment-Lambda-3.pptx - Google Slides https://docs.google.com/presentation/d/1v61CHrccVbVLn2nAcLce5DCWSIznWtYs/edit#slide=id.p6, 1638407423071 1 11-Lisp-FunctionExpression-2.pptx - Google Slides https://docs.google.com/presentation/d/1vT1IF0qxAWfaai-a2G4LDGIVSc-Emcv-/edit#slide=id.p4, 1638407423438 1 11-Lisp-FunctionExpression-2.pptx - Google Slides https://docs.google.com/presentation/d/1vT1IF0qxAWfaai-a2G4LDGIVSc-Emcv-/edit#slide=id.p5, 1638407423977 1 11-Lisp-FunctionExpression-2.pptx - Google Slides https://docs.google.com/presentation/d/1vT1IF0qxAWfaai-a2G4LDGIVSc-Emcv-/edit#slide=id.p6, 1638407424258 1 11-Lisp-FunctionExpression-2.pptx - Google Slides https://docs.google.com/presentation/d/1vT1IF0qxAWfaai-a2G4LDGIVSc-Emcv-/edit#slide=id.p7, 1638407425202 1 11-Lisp-FunctionExpression-2.pptx - Google Slides https://docs.google.com/presentation/d/1vT1IF0qxAWfaai-a2G4LDGIVSc-Emcv-/edit#slide=id.p9]
86,,Wed Dec 01 20:11:04 EST 2021,newTest.lisp,1638407464746,155189,0,(F)13,0.0,0.0,0.0,100.0,0.0,0.0,0.08387096774193549,0.0,0.0,0.08387096774193549,0.0,0.0,0.0,5.0,[1638407575386 94 Assignment-5.docx - Google Docs https://docs.google.com/document/d/1NUkkRpZjGgYxg6Rlo2WphVVY2hMW0l_S/edit#, 1638407465115 2 lisp or operator - Google Search https://www.google.com/search?q=lisp+or+operator&rlz=1C1SQJL_enUS810US810&oq=lisp+or+operator&aqs=chrome..69i57j35i39l2j0i131i433i512j69i60l4.1940j0j7&sourceid=chrome&ie=UTF-8, 1638407467511 1 6.4. Logical Operators https://www.cs.cmu.edu/Groups/AI/html/cltl/clm/node75.html, 1638407485491 2 lisp recursive function - Google Search https://www.google.com/search?q=lisp+recursive+functin&rlz=1C1SQJL_enUS810US810&oq=lisp+recursive+functin&aqs=chrome..69i57j0i512j0i22i30l6.3101j0j4&sourceid=chrome&ie=UTF-8, 1638407488015 1 lisp3.pdf https://courses.cs.washington.edu/courses/cse341/98wi/CurrentQtr/lectures/lisp3.pdf]
87,,Wed Dec 01 20:13:39 EST 2021,newTest.lisp,1638407619935,166810,0,(F)15,0.0,0.0,0.0,100.0,0.0,0.0,0.09036144578313253,0.0,0.0,0.09036144578313253,0.0,0.0,0.0,1.0,[1638407739207 9 How to iterate through Java List? Seven (7) ways to Iterate Through Loop in Java • Crunchify https://crunchify.com/how-to-iterate-through-java-list-4-way-to-iterate-through-loop/]
88,,Wed Dec 01 20:16:26 EST 2021,newTest.lisp,1638407786745,192997,0,(F)11,0.0,0.0,0.0,100.0,0.0,0.0,0.057291666666666664,0.0,0.0,0.057291666666666664,0.0,0.0,0.0,0.0,[]
89,,Wed Dec 01 20:19:41 EST 2021,newTest.lisp,1638407981662,77515,0,(F)4(D)1,0.0,20.0,0.0,80.0,0.0,0.0,0.06493506493506493,0.0,0.012987012987012988,0.05194805194805195,0.0,0.0,0.0,1.0,[1638408040284 10 How to iterate through Java List? Seven (7) ways to Iterate Through Loop in Java • Crunchify https://crunchify.com/how-to-iterate-through-java-list-4-way-to-iterate-through-loop/]
90,,Wed Dec 01 20:20:59 EST 2021,newTest.lisp,1638408059177,126247,0,(F)14,0.0,0.0,0.0,100.0,0.0,0.0,0.1111111111111111,0.0,0.0,0.1111111111111111,0.0,0.0,0.0,0.0,[]
91,,Wed Dec 01 20:23:08 EST 2021,newTest.lisp,1638408188443,94129,0,(F)13,0.0,0.0,0.0,100.0,0.0,0.0,0.13829787234042554,0.0,0.0,0.13829787234042554,0.0,0.0,0.0,0.0,[]
92,,Wed Dec 01 20:24:44 EST 2021,newTest.lisp,1638408284160,177066,0,(F)13,0.0,0.0,0.0,100.0,0.0,0.0,0.07344632768361582,0.0,0.0,0.07344632768361582,0.0,0.0,0.0,3.0,[1638408341154 11 How to iterate through Java List? Seven (7) ways to Iterate Through Loop in Java • Crunchify https://crunchify.com/how-to-iterate-through-java-list-4-way-to-iterate-through-loop/, 1638408371604 3 lisp recursive functin - Google Search https://www.google.com/search?q=lisp+recursive+functin&rlz=1C1SQJL_enUS810US810&oq=lisp+recursive+functin&aqs=chrome..69i57j0i512j0i22i30l6.3101j0j4&sourceid=chrome&ie=UTF-8, 1638408373924 1 recursion - How do recursive functions work in Lisp? - Stack Overflow https://stackoverflow.com/questions/33462610/how-do-recursive-functions-work-in-lisp]
93,,Wed Dec 01 20:27:41 EST 2021,newTest.lisp,1638408461226,34283,0,(F)14,0.0,0.0,0.0,100.0,0.0,0.0,0.4117647058823529,0.0,0.0,0.4117647058823529,0.0,0.0,0.0,0.0,[]
94,,Wed Dec 01 20:28:15 EST 2021,newTest.lisp,1638408495509,95037,0,(F)8(I)1(F)4(I)1,0.14285714285714285,0.0,0.0,85.71428571428571,0.0,0.0,0.14736842105263157,0.0,0.0,0.12631578947368421,0.0,0.0,0.021052631578947368,1.0,[1638408574685 95 Assignment-5.docx - Google Docs https://docs.google.com/document/d/1NUkkRpZjGgYxg6Rlo2WphVVY2hMW0l_S/edit#]
95,,Wed Dec 01 20:29:55 EST 2021,newTest.lisp,1638408595862,48824,0,(F)2(D)1(F)4,0.0,14.285714285714285,0.0,85.71428571428571,0.0,0.0,0.14583333333333334,0.0,0.020833333333333332,0.125,0.0,0.0,0.0,0.0,[]
96,,Wed Dec 01 20:30:44 EST 2021,newTest.lisp,1638408644686,41146,0,(D)1(F)2(D)1(F)9,0.0,15.384615384615385,0.0,84.61538461538461,0.0,0.0,0.3170731707317073,0.0,0.04878048780487805,0.2682926829268293,0.0,0.0,0.0,0.0,[]
97,,Wed Dec 01 20:31:25 EST 2021,newTest.lisp,1638408685832,20046,0,(F)14,0.0,0.0,0.0,100.0,0.0,0.0,0.7,0.0,0.0,0.7,0.0,0.0,0.0,0.0,[]
98,,Wed Dec 01 20:31:46 EST 2021,newTest.lisp,1638408706476,47277,0,(F)1(D)1(F)2(D)1(F)1,0.0,33.33333333333333,0.0,66.66666666666666,0.0,0.0,0.1276595744680851,0.0,0.0425531914893617,0.0851063829787234,0.0,0.0,0.0,0.0,[]
99,,Wed Dec 01 20:32:36 EST 2021,newTest.lisp,1638408756127,145071,0,(F)1(D)1(F)2(I)3(F)2,0.3333333333333333,11.11111111111111,0.0,55.55555555555556,0.0,0.0,0.06206896551724138,0.0,0.006896551724137931,0.034482758620689655,0.0,0.0,0.020689655172413793,0.0,[]
100,,Wed Dec 01 20:35:01 EST 2021,newTest.lisp,1638408901198,64479,0,(F)2(D)1(F)2,0.0,20.0,0.0,80.0,0.0,0.0,0.078125,0.0,0.015625,0.0625,0.0,0.0,0.0,1.0,[1638408943139 13 How to iterate through Java List? Seven (7) ways to Iterate Through Loop in Java • Crunchify https://crunchify.com/how-to-iterate-through-java-list-4-way-to-iterate-through-loop/]
101,,Wed Dec 01 20:36:05 EST 2021,VariableEval.java,1638408965761,-31679,-31679,(D)1,0.0,100.0,0.0,0.0,0.0,0.0,0.0,0.0,0.0,0.0,0.0,null,0.0,0.0,[]
102,,Wed Dec 01 20:36:08 EST 2021,newTest.lisp,1638408968259,52690,0,(I)1(F)6(D)1(F)4,0.08333333333333333,8.333333333333332,0.0,83.33333333333334,0.0,0.0,0.23076923076923078,0.0,0.019230769230769232,0.19230769230769232,0.0,0.0,0.019230769230769232,0.0,[]
103,,Wed Dec 01 20:37:03 EST 2021,newTest.lisp,1638409023365,34646,0,(F)8,0.0,0.0,0.0,100.0,0.0,0.0,0.23529411764705882,0.0,0.0,0.23529411764705882,0.0,0.0,0.0,0.0,[]
104,,Wed Dec 01 20:38:57 EST 2021,newTest.lisp,1638409137741,330722,0,(F)4(D)1,0.0,20.0,0.0,80.0,0.0,0.0,0.015151515151515152,0.0,0.0030303030303030303,0.012121212121212121,0.0,0.0,0.0,0.0,[]
105,,Wed Dec 01 20:44:55 EST 2021,SExpressionWLambdaEvaluator.java,1638409495791,107753,0,(F)2(D)2(I)1(F)1(I)1,0.2857142857142857,28.57142857142857,0.0,42.857142857142854,0.0,0.0,0.06542056074766354,0.0,0.018691588785046728,0.028037383177570093,0.0,0.0,0.018691588785046728,1.0,[1638409545516 15 How to iterate through Java List? Seven (7) ways to Iterate Through Loop in Java • Crunchify https://crunchify.com/how-to-iterate-through-java-list-4-way-to-iterate-through-loop/]
106,,Wed Dec 01 20:46:44 EST 2021,newTest.lisp,1638409604610,80063,0,(F)1(I)3(F)2(D)1(F)2,0.3333333333333333,11.11111111111111,0.0,55.55555555555556,0.0,0.0,0.1125,0.0,0.0125,0.0625,0.0,0.0,0.0375,0.0,[]
107,,Wed Dec 01 20:48:06 EST 2021,newTest.lisp,1638409686052,218914,0,(F)2(D)3,0.0,60.0,0.0,40.0,0.0,0.0,0.022935779816513763,0.0,0.013761467889908258,0.009174311926605505,0.0,0.0,0.0,10.0,[1638409691427 4 10-Lisp-Nested-Environment-Lambda-3.pptx - Google Slides https://docs.google.com/presentation/d/1v61CHrccVbVLn2nAcLce5DCWSIznWtYs/edit#slide=id.p2, 1638409705609 3 10-Lisp-Nested-Environment-Lambda-2.pptx - Google Slides https://docs.google.com/presentation/d/19uBGSe3d303C_hVpLUnVmo5acKVMPQfT/edit#slide=id.p61, 1638409710182 3 10-Lisp-Nested-Environment-Lambda-2.pptx - Google Slides https://docs.google.com/presentation/d/19uBGSe3d303C_hVpLUnVmo5acKVMPQfT/edit#slide=id.p2, 1638409710534 3 10-Lisp-Nested-Environment-Lambda-2.pptx - Google Slides https://docs.google.com/presentation/d/19uBGSe3d303C_hVpLUnVmo5acKVMPQfT/edit#slide=id.p3, 1638409714455 3 10-Lisp-Nested-Environment-Lambda-2.pptx - Google Slides https://docs.google.com/presentation/d/19uBGSe3d303C_hVpLUnVmo5acKVMPQfT/edit#slide=id.p4, 1638409712149 3 10-Lisp-Nested-Environment-Lambda-2.pptx - Google Slides https://docs.google.com/presentation/d/19uBGSe3d303C_hVpLUnVmo5acKVMPQfT/edit#slide=id.p5, 1638409705000 4 10-Lisp-Nested-Environment-Lambda-2.pptx - Google Slides https://docs.google.com/presentation/d/19uBGSe3d303C_hVpLUnVmo5acKVMPQfT/edit#slide=id.p27, 1638409709077 4 10-Lisp-Nested-Environment-Lambda-2.pptx - Google Slides https://docs.google.com/presentation/d/19uBGSe3d303C_hVpLUnVmo5acKVMPQfT/edit#slide=id.p65, 1638409709834 2 10-Lisp-Nested-Environment-Lambda-2.pptx - Google Slides https://docs.google.com/presentation/d/19uBGSe3d303C_hVpLUnVmo5acKVMPQfT/edit#slide=id.p68, 1638409850632 16 How to iterate through Java List? Seven (7) ways to Iterate Through Loop in Java • Crunchify https://crunchify.com/how-to-iterate-through-java-list-4-way-to-iterate-through-loop/]
108,,Wed Dec 01 20:51:49 EST 2021,newTest.lisp,1638409909322,179402,0,(D)2,0.0,100.0,0.0,0.0,0.0,0.0,0.0111731843575419,0.0,0.0111731843575419,0.0,0.0,0.0,0.0,0.0,[]
109,,Wed Dec 01 20:54:48 EST 2021,TestClassRegistry.java,1638410088826,41331,0,(F)2(I)1(F)2(I)1(F)2(I)1(R)4(I)1,0.2857142857142857,0.0,0.0,42.857142857142854,0.0,0.0,0.34146341463414637,0.0,0.0,0.14634146341463414,0.0,0.0975609756097561,0.0975609756097561,0.0,[]
110,,Wed Dec 01 20:55:30 EST 2021,TestClassRegistry.java,1638410130287,-661824,-661824,(I)9(R)1(I)7,0.9411764705882353,0.0,0.0,0.0,0.0,0.0,0.0,0.0,0.0,0.0,0.0,null,0.0,0.0,[]
111,,Wed Dec 01 20:46:36 EST 2021,TestClassRegistry.java,1638409596089,537351,0,(R)1(I)1(R)1(I)4(R)4,0.45454545454545453,0.0,0.0,0.0,0.0,0.0,0.020484171322160148,0.0,0.0,0.0,0.0,0.0111731843575419,0.00931098696461825,10.0,[1638409691427 4 10-Lisp-Nested-Environment-Lambda-3.pptx - Google Slides https://docs.google.com/presentation/d/1v61CHrccVbVLn2nAcLce5DCWSIznWtYs/edit#slide=id.p2, 1638409705609 3 10-Lisp-Nested-Environment-Lambda-2.pptx - Google Slides https://docs.google.com/presentation/d/19uBGSe3d303C_hVpLUnVmo5acKVMPQfT/edit#slide=id.p61, 1638409710182 3 10-Lisp-Nested-Environment-Lambda-2.pptx - Google Slides https://docs.google.com/presentation/d/19uBGSe3d303C_hVpLUnVmo5acKVMPQfT/edit#slide=id.p2, 1638409710534 3 10-Lisp-Nested-Environment-Lambda-2.pptx - Google Slides https://docs.google.com/presentation/d/19uBGSe3d303C_hVpLUnVmo5acKVMPQfT/edit#slide=id.p3, 1638409714455 3 10-Lisp-Nested-Environment-Lambda-2.pptx - Google Slides https://docs.google.com/presentation/d/19uBGSe3d303C_hVpLUnVmo5acKVMPQfT/edit#slide=id.p4, 1638409712149 3 10-Lisp-Nested-Environment-Lambda-2.pptx - Google Slides https://docs.google.com/presentation/d/19uBGSe3d303C_hVpLUnVmo5acKVMPQfT/edit#slide=id.p5, 1638409705000 4 10-Lisp-Nested-Environment-Lambda-2.pptx - Google Slides https://docs.google.com/presentation/d/19uBGSe3d303C_hVpLUnVmo5acKVMPQfT/edit#slide=id.p27, 1638409709077 4 10-Lisp-Nested-Environment-Lambda-2.pptx - Google Slides https://docs.google.com/presentation/d/19uBGSe3d303C_hVpLUnVmo5acKVMPQfT/edit#slide=id.p65, 1638409709834 2 10-Lisp-Nested-Environment-Lambda-2.pptx - Google Slides https://docs.google.com/presentation/d/19uBGSe3d303C_hVpLUnVmo5acKVMPQfT/edit#slide=id.p68, 1638409850632 16 How to iterate through Java List? Seven (7) ways to Iterate Through Loop in Java • Crunchify https://crunchify.com/how-to-iterate-through-java-list-4-way-to-iterate-through-loop/]
112,,Wed Dec 01 20:55:33 EST 2021,TestClassRegistry.java,1638410133562,18408,0,(R)1(I)6(F)10(I)1,0.3888888888888889,0.0,0.0,55.55555555555556,0.0,0.0,1.0,0.0,0.0,0.5555555555555556,0.0,0.05555555555555555,0.3888888888888889,0.0,[]
113,,Wed Dec 01 20:55:52 EST 2021,TestClassRegistry.java,1638410152330,6787,6787,(R)4(I)1(R)1(I)12(R)1(I)5,0.75,0.0,0.0,0.0,0.0,0.0,4.0,0.0,0.0,0.0,0.0,1.0,3.0,0.0,[]
114,,Wed Dec 01 20:55:59 EST 2021,TestClassRegistry.java,1638410159191,4966,4966,(I)7(R)1(I)1(R)1(I)1(R)1(I)1(R)1(I)1(R)4(I)2,0.6190476190476191,0.0,0.0,0.0,0.0,0.0,5.25,0.0,0.0,0.0,0.0,2.0,3.25,0.0,[]
115,,Wed Dec 01 20:56:04 EST 2021,TestClassRegistry.java,1638410164273,9339,9339,(I)10(R)2(I)7,0.8947368421052632,0.0,0.0,0.0,0.0,0.0,2.111111111111111,0.0,0.0,0.0,0.0,0.2222222222222222,1.8888888888888888,0.0,[]
116,,Wed Dec 01 20:56:15 EST 2021,TestClassRegistry.java,1638410175102,4712,4712,(I)1(R)4(I)15,0.8,0.0,0.0,0.0,0.0,0.0,5.0,0.0,0.0,0.0,0.0,1.0,4.0,0.0,[]
117,,Wed Dec 01 20:56:19 EST 2021,TestClassRegistry.java,1638410179948,7785,7785,(I)3(R)4(I)4(R)3(I)1(R)1(I)3,0.5789473684210527,0.0,0.0,0.0,0.0,0.0,2.7142857142857144,0.0,0.0,0.0,0.0,1.1428571428571428,1.5714285714285714,0.0,[]
118,,Wed Dec 01 20:56:27 EST 2021,SExpressionWLambdaEvaluator.java,1638410187896,9859,9859,(I)23,1.0,0.0,0.0,0.0,0.0,0.0,2.5555555555555554,0.0,0.0,0.0,0.0,0.0,2.5555555555555554,0.0,[]
119,,Wed Dec 01 20:56:37 EST 2021,TestClassRegistry.java,1638410197824,-19627,-19627,(I)12(R)1(I)1(R)1(I)1(R)1(I)1,0.8333333333333334,0.0,0.0,0.0,0.0,0.0,0.0,0.0,0.0,0.0,0.0,null,0.0,0.0,[]
120,,Wed Dec 01 20:56:20 EST 2021,TestClassRegistry.java,1638410180705,42166,0,(I)1(R)1(I)1(R)1(I)1(R)1(I)4(R)1(I)1(R)1(I)1(R)1,0.6,0.0,0.0,0.0,0.0,0.0,0.35714285714285715,0.0,0.0,0.0,0.0,0.14285714285714285,0.21428571428571427,0.0,[]
121,,Wed Dec 01 20:57:02 EST 2021,TestClassRegistry.java,1638410222876,91791,0,(I)1(R)1(I)3(F)7,0.3333333333333333,0.0,0.0,58.333333333333336,0.0,0.0,0.13186813186813187,0.0,0.0,0.07692307692307693,0.0,0.01098901098901099,0.04395604395604396,0.0,[]
122,,Wed Dec 01 20:58:43 EST 2021,TestClassRegistry.java,1638410323608,28036,0,(F)1(I)1(F)4(I)4(F)2(I)1(F)1,0.42857142857142855,0.0,0.0,57.14285714285714,0.0,0.0,0.5,0.0,0.0,0.2857142857142857,0.0,0.0,0.21428571428571427,0.0,[]
123,,Wed Dec 01 20:59:11 EST 2021,TestClassRegistry.java,1638410351644,14163,0,(F)3(R)4(I)13,0.65,0.0,0.0,15.0,0.0,0.0,1.4285714285714286,0.0,0.0,0.21428571428571427,0.0,0.2857142857142857,0.9285714285714286,0.0,[]
124,,Wed Dec 01 20:59:25 EST 2021,TestClassRegistry.java,1638410365811,23112,0,(I)23,1.0,0.0,0.0,0.0,0.0,0.0,1.0,0.0,0.0,0.0,0.0,0.0,1.0,0.0,[]
125,,Wed Dec 01 20:59:49 EST 2021,TestClassRegistry.java,1638410389033,44089,0,(I)11(D)2,0.8461538461538461,15.384615384615385,0.0,0.0,0.0,0.0,0.29545454545454547,0.0,0.045454545454545456,0.0,0.0,0.0,0.25,0.0,[]
126,,Wed Dec 01 21:00:33 EST 2021,TestClassRegistry.java,1638410433122,11466,0,(F)1(D)10,0.0,90.9090909090909,0.0,9.090909090909092,0.0,0.0,1.0,0.0,0.9090909090909091,0.09090909090909091,0.0,0.0,0.0,0.0,[]
127,,Wed Dec 01 21:00:44 EST 2021,RunF21A6Tests.java,1638410444588,70826,0,(D)3(F)5(I)1(F)3(D)1(F)2,0.06666666666666667,26.666666666666668,0.0,66.66666666666666,0.0,0.0,0.21428571428571427,0.0,0.05714285714285714,0.14285714285714285,0.0,0.0,0.014285714285714285,2.0,[1638410489091 38 Assignment-6.docx - Google Docs https://docs.google.com/document/d/1vDGOP1LhUlGlwbPQf52p_k0IgNqn9Ibq/edit#, 1638410452434 18 How to iterate through Java List? Seven (7) ways to Iterate Through Loop in Java • Crunchify https://crunchify.com/how-to-iterate-through-java-list-4-way-to-iterate-through-loop/]
128,,Wed Dec 01 21:02:09 EST 2021,test.lisp,1638410529740,73195,0,(F)5(I)1(F)7,0.07692307692307693,0.0,0.0,92.3076923076923,0.0,0.0,0.1780821917808219,0.0,0.0,0.1643835616438356,0.0,0.0,0.0136986301369863,0.0,[]
129,,Wed Dec 01 21:03:24 EST 2021,test.lisp,1638410604242,20874,0,(F)1(D)1(F)3(D)3,0.0,50.0,0.0,50.0,0.0,0.0,0.4,0.0,0.2,0.2,0.0,0.0,0.0,0.0,[]
130,,Wed Dec 01 21:03:45 EST 2021,test.lisp,1638410625127,175882,0,(D)3(F)6,0.0,33.33333333333333,0.0,66.66666666666666,0.0,0.0,0.05142857142857143,0.0,0.017142857142857144,0.03428571428571429,0.0,0.0,0.0,1.0,[1638410672920 39 Assignment-6.docx - Google Docs https://docs.google.com/document/d/1vDGOP1LhUlGlwbPQf52p_k0IgNqn9Ibq/edit#]
131,,Wed Dec 01 21:06:41 EST 2021,test.lisp,1638410801009,101357,0,(F)13(D)1,0.0,7.142857142857142,0.0,92.85714285714286,0.0,0.0,0.13861386138613863,0.0,0.009900990099009901,0.12871287128712872,0.0,0.0,0.0,2.0,[]
132,,Wed Dec 01 21:08:22 EST 2021,test.lisp,1638410902428,38732,0,(D)3(F)4,0.0,42.857142857142854,0.0,57.14285714285714,0.0,0.0,0.18421052631578946,0.0,0.07894736842105263,0.10526315789473684,0.0,0.0,0.0,0.0,[]
133,,Wed Dec 01 21:09:03 EST 2021,test.lisp,1638410943215,22593,0,(D)2(F)4(D)1,0.0,42.857142857142854,0.0,57.14285714285714,0.0,0.0,0.3181818181818182,0.0,0.13636363636363635,0.18181818181818182,0.0,0.0,0.0,0.0,[]
134,,Wed Dec 01 21:09:28 EST 2021,test.lisp,1638410968056,23166,0,(D)1(F)1(D)5,0.0,85.71428571428571,0.0,14.285714285714285,0.0,0.0,0.30434782608695654,0.0,0.2608695652173913,0.043478260869565216,0.0,0.0,0.0,0.0,[]
135,,Wed Dec 01 21:09:51 EST 2021,test.lisp,1638410991222,52938,0,(F)2(D)2(F)7(D)1,0.0,25.0,0.0,75.0,0.0,0.0,0.23076923076923078,0.0,0.057692307692307696,0.17307692307692307,0.0,0.0,0.0,0.0,[]
136,,Wed Dec 01 21:10:49 EST 2021,test.lisp,1638411049004,52686,0,(F)2(D)1(F)1(D)1(F)1,0.0,33.33333333333333,0.0,66.66666666666666,0.0,0.0,0.11538461538461539,0.0,0.038461538461538464,0.07692307692307693,0.0,0.0,0.0,0.0,[]
137,,Wed Dec 01 21:11:46 EST 2021,test.lisp,1638411106226,94043,0,(D)1(F)6(D)1,0.0,25.0,0.0,75.0,0.0,0.0,0.0851063829787234,0.0,0.02127659574468085,0.06382978723404255,0.0,0.0,0.0,0.0,[]
138,,Wed Dec 01 21:13:25 EST 2021,test.lisp,1638411205030,-170272,-170272,(F)1(I)2(R)1(I)3(R)1(I)1,0.6666666666666666,0.0,0.0,11.11111111111111,0.0,0.0,0.0,0.0,0.0,0.0,0.0,null,0.0,0.0,[]
139,,Wed Dec 01 21:10:49 EST 2021,test.lisp,1638411049004,192870,0,(F)14,0.0,0.0,0.0,100.0,0.0,0.0,0.07291666666666667,0.0,0.0,0.07291666666666667,0.0,0.0,0.0,0.0,[]
140,,Wed Dec 01 21:14:02 EST 2021,test.lisp,1638411242537,43799,0,(F)13,0.0,0.0,0.0,100.0,0.0,0.0,0.3023255813953488,0.0,0.0,0.3023255813953488,0.0,0.0,0.0,1.0,[]
141,,Wed Dec 01 21:14:47 EST 2021,test.lisp,1638411287539,22445,0,(F)1(D)2(F)1(D)1(F)1(D)1,0.0,57.14285714285714,0.0,42.857142857142854,0.0,0.0,0.3181818181818182,0.0,0.18181818181818182,0.13636363636363635,0.0,0.0,0.0,0.0,[]
142,,Wed Dec 01 21:15:10 EST 2021,SExpressionWLambdaEvaluator.java,1638411310577,59936,0,(D)2(F)5(I)1(F)4(I)2,0.21428571428571427,14.285714285714285,0.0,64.28571428571429,0.0,0.0,0.23728813559322035,0.0,0.03389830508474576,0.15254237288135594,0.0,0.0,0.05084745762711865,0.0,[]
143,,Wed Dec 01 21:16:10 EST 2021,SExpressionWLambdaEvaluator.java,1638411370586,26530,0,(I)1(F)4(I)12(F)3,0.65,0.0,0.0,35.0,0.0,0.0,0.7692307692307693,0.0,0.0,0.2692307692307692,0.0,0.0,0.5,0.0,[]
144,,Wed Dec 01 21:16:37 EST 2021,SExpressionWLambdaEvaluator.java,1638411397116,2158,2158,(F)1(I)8(R)10(I)4,0.5217391304347826,0.0,0.0,4.3478260869565215,0.0,0.0,11.5,0.0,0.0,0.5,0.0,5.0,6.0,0.0,[]
145,,Wed Dec 01 21:16:39 EST 2021,SExpressionWLambdaEvaluator.java,1638411399350,3218,3218,(I)8(F)2(I)12,0.9090909090909091,0.0,0.0,9.090909090909092,0.0,0.0,7.333333333333333,0.0,0.0,0.6666666666666666,0.0,0.0,6.666666666666667,0.0,[]
146,,Wed Dec 01 21:16:42 EST 2021,SExpressionWLambdaEvaluator.java,1638411402577,1792,1792,(I)6(R)14(I)5,0.44,0.0,0.0,0.0,0.0,0.0,25.0,0.0,0.0,0.0,0.0,14.0,11.0,0.0,[]
147,,Wed Dec 01 21:16:44 EST 2021,SExpressionWLambdaEvaluator.java,1638411404369,1758,1758,(I)25,1.0,0.0,0.0,0.0,0.0,0.0,25.0,0.0,0.0,0.0,0.0,0.0,25.0,0.0,[]
148,,Wed Dec 01 21:16:46 EST 2021,SExpressionWLambdaEvaluator.java,1638411406221,1953,1953,(I)23,1.0,0.0,0.0,0.0,0.0,0.0,23.0,0.0,0.0,0.0,0.0,0.0,23.0,0.0,[]
149,,Wed Dec 01 21:16:48 EST 2021,SExpressionWLambdaEvaluator.java,1638411408174,8858,8858,(I)1(F)2(I)10(R)2(I)6,0.8095238095238095,0.0,0.0,9.523809523809524,0.0,0.0,2.625,0.0,0.0,0.25,0.0,0.25,2.125,0.0,[]
150,,Wed Dec 01 21:17:05 EST 2021,SExpressionWLambdaEvaluator.java,1638411425299,5246,5246,(I)4(R)1(I)3(R)1(I)3(R)1(I)3,0.8125,0.0,0.0,0.0,0.0,0.0,3.2,0.0,0.0,0.0,0.0,0.6,2.6,0.0,[]
151,,Wed Dec 01 21:17:10 EST 2021,SExpressionWLambdaEvaluator.java,1638411430549,3632,3632,(I)22(R)1,0.9565217391304348,0.0,0.0,0.0,0.0,0.0,7.666666666666667,0.0,0.0,0.0,0.0,0.3333333333333333,7.333333333333333,0.0,[]
152,,Wed Dec 01 21:17:14 EST 2021,SExpressionWLambdaEvaluator.java,1638411434183,5061,5061,(R)2(I)12(R)6(I)4,0.6666666666666666,0.0,0.0,0.0,0.0,0.0,4.8,0.0,0.0,0.0,0.0,1.6,3.2,0.0,[]
153,,Wed Dec 01 21:17:23 EST 2021,SExpressionWLambdaEvaluator.java,1638411443668,4856,4856,(I)20,1.0,0.0,0.0,0.0,0.0,0.0,5.0,0.0,0.0,0.0,0.0,0.0,5.0,0.0,[]
154,,Wed Dec 01 21:17:28 EST 2021,SExpressionWLambdaEvaluator.java,1638411448889,6963,6963,(I)23,1.0,0.0,0.0,0.0,0.0,0.0,3.8333333333333335,0.0,0.0,0.0,0.0,0.0,3.8333333333333335,0.0,[]
155,,Wed Dec 01 21:17:35 EST 2021,SExpressionWLambdaEvaluator.java,1638411455852,10290,0,(I)17(F)2,0.8947368421052632,0.0,0.0,10.526315789473683,0.0,0.0,1.9,0.0,0.0,0.2,0.0,0.0,1.7,0.0,[]
156,,Wed Dec 01 21:17:46 EST 2021,SExpressionWLambdaEvaluator.java,1638411466142,52424,0,(F)6(I)2(R)4(I)2(R)4,0.2222222222222222,0.0,0.0,33.33333333333333,0.0,0.0,0.34615384615384615,0.0,0.0,0.11538461538461539,0.0,0.15384615384615385,0.07692307692307693,0.0,[]
157,,Wed Dec 01 21:18:38 EST 2021,SExpressionWLambdaEvaluator.java,1638411518566,15594,0,(I)2(D)1(F)2(I)1(F)2(D)2,0.3,30.0,0.0,40.0,0.0,0.0,0.6666666666666666,0.0,0.2,0.26666666666666666,0.0,0.0,0.2,0.0,[]
158,,Wed Dec 01 21:18:55 EST 2021,SExpressionWLambdaEvaluator.java,1638411535218,23783,0,(I)1(D)1(I)4(R)6(F)2(I)2,0.4375,6.25,0.0,12.5,0.0,0.0,0.6956521739130435,0.0,0.043478260869565216,0.08695652173913043,0.0,0.2608695652173913,0.30434782608695654,0.0,[]
159,,Wed Dec 01 21:19:20 EST 2021,SExpressionWLambdaEvaluator.java,1638411560120,-125627,-125627,(I)18,1.0,0.0,0.0,0.0,0.0,0.0,0.0,0.0,0.0,0.0,0.0,null,0.0,0.0,[]
160,,Wed Dec 01 21:17:17 EST 2021,SExpressionWLambdaEvaluator.java,1638411437163,126584,0,(R)1(I)5(R)4(I)15,0.8,0.0,0.0,0.0,0.0,0.0,0.1984126984126984,0.0,0.0,0.0,0.0,0.03968253968253968,0.15873015873015872,0.0,[]
161,,Wed Dec 01 21:19:23 EST 2021,SExpressionWLambdaEvaluator.java,1638411563824,20082,0,(I)6(D)1(F)2(I)3,0.75,8.333333333333332,0.0,16.666666666666664,0.0,0.0,0.6,0.0,0.05,0.1,0.0,0.0,0.45,0.0,[]
162,,Wed Dec 01 21:19:44 EST 2021,SExpressionWLambdaEvaluator.java,1638411584208,17450,0,(I)4(D)1(I)5,0.9,10.0,0.0,0.0,0.0,0.0,0.5882352941176471,0.0,0.058823529411764705,0.0,0.0,0.0,0.5294117647058824,0.0,[]
163,,Wed Dec 01 21:20:01 EST 2021,SExpressionWLambdaEvaluator.java,1638411601658,48125,0,(I)8,1.0,0.0,0.0,0.0,0.0,0.0,0.16666666666666666,0.0,0.0,0.0,0.0,0.0,0.16666666666666666,0.0,[]
164,,Wed Dec 01 21:21:16 EST 2021,SExpressionWLambdaEvaluator.java,1638411676348,7722,7722,(R)4(I)8(D)1,0.6153846153846154,7.6923076923076925,0.0,0.0,0.0,0.0,1.8571428571428572,0.0,0.14285714285714285,0.0,0.0,0.5714285714285714,1.1428571428571428,0.0,[]
165,,Wed Dec 01 21:21:24 EST 2021,SExpressionWLambdaEvaluator.java,1638411684070,46188,0,(F)2(I)1(D)1(I)4(D)1(I)1,0.6,20.0,0.0,20.0,0.0,0.0,0.21739130434782608,0.0,0.043478260869565216,0.043478260869565216,0.0,0.0,0.13043478260869565,0.0,[]
166,,Wed Dec 01 21:22:10 EST 2021,SExpressionWLambdaEvaluator.java,1638411730258,12409,0,(I)21,1.0,0.0,0.0,0.0,0.0,0.0,1.75,0.0,0.0,0.0,0.0,0.0,1.75,0.0,[]
167,,Wed Dec 01 21:22:22 EST 2021,SExpressionWLambdaEvaluator.java,1638411742667,4612,4612,(I)15(R)4(I)2(R)1,0.7727272727272727,0.0,0.0,0.0,0.0,0.0,5.5,0.0,0.0,0.0,0.0,1.25,4.25,0.0,[]
168,,Wed Dec 01 21:22:27 EST 2021,SExpressionWLambdaEvaluator.java,1638411747280,13111,0,(R)1(I)8(D)1(F)2(I)1,0.6923076923076923,7.6923076923076925,0.0,15.384615384615385,0.0,0.0,1.0,0.0,0.07692307692307693,0.15384615384615385,0.0,0.07692307692307693,0.6923076923076923,0.0,[]
169,,Wed Dec 01 21:22:40 EST 2021,SExpressionWLambdaEvaluator.java,1638411760445,-14553,-14553,(I)8(R)1(I)1(R)1(I)1(R)2(I)2(R)1,0.7058823529411765,0.0,0.0,0.0,0.0,0.0,0.0,0.0,0.0,0.0,0.0,null,0.0,0.0,[]
170,,Wed Dec 01 21:22:26 EST 2021,SExpressionWLambdaEvaluator.java,1638411746539,35325,0,(I)1(R)1(I)22,0.9583333333333334,0.0,0.0,0.0,0.0,0.0,0.6857142857142857,0.0,0.0,0.0,0.0,0.02857142857142857,0.6571428571428571,0.0,[]
171,,Wed Dec 01 21:23:01 EST 2021,SExpressionWLambdaEvaluator.java,1638411781864,4090,4090,(I)9(R)6(I)7,0.7272727272727273,0.0,0.0,0.0,0.0,0.0,5.5,0.0,0.0,0.0,0.0,1.5,4.0,0.0,[]
172,,Wed Dec 01 21:23:05 EST 2021,SExpressionWLambdaEvaluator.java,1638411785955,10391,0,(I)7(D)1(F)2(I)2(R)1(I)5,0.7777777777777778,5.555555555555555,0.0,11.11111111111111,0.0,0.0,1.8,0.0,0.1,0.2,0.0,0.1,1.4,0.0,[]
173,,Wed Dec 01 21:23:16 EST 2021,SExpressionWLambdaEvaluator.java,1638411796346,41799,0,(I)12,1.0,0.0,0.0,0.0,0.0,0.0,0.2926829268292683,0.0,0.0,0.0,0.0,0.0,0.2926829268292683,0.0,[]
174,,Wed Dec 01 21:23:58 EST 2021,SExpressionWLambdaEvaluator.java,1638411838167,8617,8617,(I)12(D)1,0.9230769230769231,7.6923076923076925,0.0,0.0,0.0,0.0,1.625,0.0,0.125,0.0,0.0,0.0,1.5,0.0,[]
175,,Wed Dec 01 21:24:06 EST 2021,SExpressionWLambdaEvaluator.java,1638411846784,23167,0,(I)1(D)1(I)6,0.875,12.5,0.0,0.0,0.0,0.0,0.34782608695652173,0.0,0.043478260869565216,0.0,0.0,0.0,0.30434782608695654,0.0,[]
176,,Wed Dec 01 21:24:29 EST 2021,SExpressionWLambdaEvaluator.java,1638411869951,24180,0,(D)1(F)2(I)11(R)2(I)6,0.7727272727272727,4.545454545454546,0.0,9.090909090909092,0.0,0.0,0.9166666666666666,0.0,0.041666666666666664,0.08333333333333333,0.0,0.08333333333333333,0.7083333333333334,0.0,[]
177,,Wed Dec 01 21:24:54 EST 2021,SExpressionWLambdaEvaluator.java,1638411894367,7681,7681,(R)2(I)2(R)4(I)2(R)4(I)4(R)6,0.3333333333333333,0.0,0.0,0.0,0.0,0.0,3.4285714285714284,0.0,0.0,0.0,0.0,2.2857142857142856,1.1428571428571428,0.0,[]
178,,Wed Dec 01 21:25:02 EST 2021,SExpressionWLambdaEvaluator.java,1638411902179,4109,4109,(R)2(I)21,0.9130434782608695,0.0,0.0,0.0,0.0,0.0,5.75,0.0,0.0,0.0,0.0,0.5,5.25,0.0,[]
179,,Wed Dec 01 21:25:06 EST 2021,SExpressionWLambdaEvaluator.java,1638411906288,5045,5045,(I)3(R)2(I)18,0.9130434782608695,0.0,0.0,0.0,0.0,0.0,4.6,0.0,0.0,0.0,0.0,0.4,4.2,0.0,[]
180,,Wed Dec 01 21:25:11 EST 2021,SExpressionWLambdaEvaluator.java,1638411911477,39162,0,(I)12(F)2(I)2,0.875,0.0,0.0,12.5,0.0,0.0,0.41025641025641024,0.0,0.0,0.05128205128205128,0.0,0.0,0.358974358974359,0.0,[]
181,,Wed Dec 01 21:25:50 EST 2021,SExpressionWLambdaEvaluator.java,1638411950639,-147305,-147305,(I)21(R)1,0.9545454545454546,0.0,0.0,0.0,0.0,0.0,0.0,0.0,0.0,0.0,0.0,null,0.0,0.0,[]
182,,Wed Dec 01 21:23:27 EST 2021,SExpressionWLambdaEvaluator.java,1638411807629,145321,0,(I)4(R)4(I)1(R)1(I)1(R)1(I)6(R)1(I)3,0.6818181818181818,0.0,0.0,0.0,0.0,0.0,0.15172413793103448,0.0,0.0,0.0,0.0,0.04827586206896552,0.10344827586206896,0.0,[]
183,,Wed Dec 01 21:25:52 EST 2021,SExpressionWLambdaEvaluator.java,1638411952951,5038,5038,(I)1(R)6(I)14,0.7142857142857143,0.0,0.0,0.0,0.0,0.0,4.2,0.0,0.0,0.0,0.0,1.2,3.0,0.0,[]
184,,Wed Dec 01 21:25:58 EST 2021,SExpressionWLambdaEvaluator.java,1638411958401,5145,5145,(R)2(I)17,0.8947368421052632,0.0,0.0,0.0,0.0,0.0,3.8,0.0,0.0,0.0,0.0,0.4,3.4,0.0,[]
185,,Wed Dec 01 21:26:03 EST 2021,SExpressionWLambdaEvaluator.java,1638411963546,14048,0,(I)18,1.0,0.0,0.0,0.0,0.0,0.0,1.2857142857142858,0.0,0.0,0.0,0.0,0.0,1.2857142857142858,0.0,[]
186,,Wed Dec 01 21:26:17 EST 2021,SExpressionWLambdaEvaluator.java,1638411977594,12100,0,(I)13(R)5,0.7222222222222222,0.0,0.0,0.0,0.0,0.0,1.5,0.0,0.0,0.0,0.0,0.4166666666666667,1.0833333333333333,0.0,[]
187,,Wed Dec 01 21:26:29 EST 2021,SExpressionWLambdaEvaluator.java,1638411989694,19238,0,(R)5(I)6(R)2(I)8(R)1,0.6363636363636364,0.0,0.0,0.0,0.0,0.0,1.1578947368421053,0.0,0.0,0.0,0.0,0.42105263157894735,0.7368421052631579,0.0,[]
188,,Wed Dec 01 21:26:51 EST 2021,SExpressionWLambdaEvaluator.java,1638412011004,18839,0,(I)7(R)6(I)2(D)1,0.5625,6.25,0.0,0.0,0.0,0.0,0.8888888888888888,0.0,0.05555555555555555,0.0,0.0,0.3333333333333333,0.5,0.0,[]
189,,Wed Dec 01 21:27:10 EST 2021,SExpressionWLambdaEvaluator.java,1638412030140,39623,0,(F)2(I)1(D)1(F)2(I)2(R)4(I)4,0.4375,6.25,0.0,25.0,0.0,0.0,0.41025641025641024,0.0,0.02564102564102564,0.10256410256410256,0.0,0.10256410256410256,0.1794871794871795,0.0,[]
190,,Wed Dec 01 21:27:50 EST 2021,SExpressionWLambdaEvaluator.java,1638412070070,10970,0,(I)5(F)2(I)8(R)2(I)2(R)1,0.75,0.0,0.0,10.0,0.0,0.0,2.0,0.0,0.0,0.2,0.0,0.3,1.5,0.0,[]
191,,Wed Dec 01 21:28:01 EST 2021,SExpressionWLambdaEvaluator.java,1638412081040,-104275,-104275,(R)13(I)3(R)1(I)5(R)1(I)2,0.4,0.0,0.0,0.0,0.0,0.0,0.0,0.0,0.0,0.0,0.0,null,0.0,0.0,[]
192,,Wed Dec 01 21:26:24 EST 2021,SExpressionWLambdaEvaluator.java,1638411984459,104210,0,(I)1(R)2(I)1(R)1(I)1(R)1(I)1(R)4(I)10,0.6363636363636364,0.0,0.0,0.0,0.0,0.0,0.21153846153846154,0.0,0.0,0.0,0.0,0.07692307692307693,0.1346153846153846,0.0,[]
193,,Wed Dec 01 21:28:08 EST 2021,SExpressionWLambdaEvaluator.java,1638412088755,12259,0,(D)1(F)4(I)1(D)1(F)2(D)1(F)2,0.08333333333333333,25.0,0.0,66.66666666666666,0.0,0.0,1.0,0.0,0.25,0.6666666666666666,0.0,0.0,0.08333333333333333,0.0,[]
194,,Wed Dec 01 21:28:21 EST 2021,SExpressionWLambdaEvaluator.java,1638412101529,44985,0,(I)1(D)1(I)2(F)4(I)2,0.5,10.0,0.0,40.0,0.0,0.0,0.22727272727272727,0.0,0.022727272727272728,0.09090909090909091,0.0,0.0,0.11363636363636363,0.0,[]
195,,Wed Dec 01 21:29:07 EST 2021,SExpressionWLambdaEvaluator.java,1638412147632,48047,0,(I)2(R)2(F)2(I)2(F)6,0.2857142857142857,0.0,0.0,57.14285714285714,0.0,0.0,0.2916666666666667,0.0,0.0,0.16666666666666666,0.0,0.041666666666666664,0.08333333333333333,0.0,[]
196,,Wed Dec 01 21:29:55 EST 2021,SExpressionWLambdaEvaluator.java,1638412195679,25125,0,(F)17,0.0,0.0,0.0,100.0,0.0,0.0,0.68,0.0,0.0,0.68,0.0,0.0,0.0,0.0,[]
197,,Wed Dec 01 21:30:20 EST 2021,SExpressionWLambdaEvaluator.java,1638412220804,66705,0,(F)13(I)2,0.13333333333333333,0.0,0.0,86.66666666666667,0.0,0.0,0.22727272727272727,0.0,0.0,0.19696969696969696,0.0,0.0,0.030303030303030304,0.0,[]
198,,Wed Dec 01 21:31:27 EST 2021,SExpressionWLambdaEvaluator.java,1638412287643,-143040,-143040,(I)8(R)2(I)1(R)7(I)7,0.64,0.0,0.0,0.0,0.0,0.0,0.0,0.0,0.0,0.0,0.0,null,0.0,0.0,[]
199,,Wed Dec 01 21:29:04 EST 2021,SExpressionWLambdaEvaluator.java,1638412144793,149336,0,(R)1(I)2(R)1(I)1(R)1(I)17,0.8695652173913043,0.0,0.0,0.0,0.0,0.0,0.15436241610738255,0.0,0.0,0.0,0.0,0.020134228187919462,0.1342281879194631,0.0,[]
200,,Wed Dec 01 21:31:34 EST 2021,SExpressionWLambdaEvaluator.java,1638412294129,25880,0,(I)17(F)2(I)1,0.9,0.0,0.0,10.0,0.0,0.0,0.8,0.0,0.0,0.08,0.0,0.0,0.72,0.0,[]
201,,Wed Dec 01 21:32:00 EST 2021,SExpressionWLambdaEvaluator.java,1638412320009,22657,0,(I)18,1.0,0.0,0.0,0.0,0.0,0.0,0.8181818181818182,0.0,0.0,0.0,0.0,0.0,0.8181818181818182,0.0,[]
202,,Wed Dec 01 21:32:22 EST 2021,SExpressionWLambdaEvaluator.java,1638412342666,20657,0,(I)22,1.0,0.0,0.0,0.0,0.0,0.0,1.1,0.0,0.0,0.0,0.0,0.0,1.1,0.0,[]
203,,Wed Dec 01 21:32:43 EST 2021,SExpressionWLambdaEvaluator.java,1638412363323,1346,1346,(I)25,1.0,0.0,0.0,0.0,0.0,0.0,25.0,0.0,0.0,0.0,0.0,0.0,25.0,0.0,[]
204,,Wed Dec 01 21:32:44 EST 2021,SExpressionWLambdaEvaluator.java,1638412364760,5057,5057,(I)23,1.0,0.0,0.0,0.0,0.0,0.0,4.6,0.0,0.0,0.0,0.0,0.0,4.6,0.0,[]
205,,Wed Dec 01 21:32:49 EST 2021,SExpressionWLambdaEvaluator.java,1638412369817,1489,1489,(I)25,1.0,0.0,0.0,0.0,0.0,0.0,25.0,0.0,0.0,0.0,0.0,0.0,25.0,0.0,[]
206,,Wed Dec 01 21:32:51 EST 2021,SExpressionWLambdaEvaluator.java,1638412371360,12142,0,(I)6(F)1(D)1(F)1(I)5,0.7857142857142857,7.142857142857142,0.0,14.285714285714285,0.0,0.0,1.1666666666666667,0.0,0.08333333333333333,0.16666666666666666,0.0,0.0,0.9166666666666666,0.0,[]
207,,Wed Dec 01 21:33:03 EST 2021,SExpressionWLambdaEvaluator.java,1638412383508,10351,0,(I)2(D)1(I)13,0.9375,6.25,0.0,0.0,0.0,0.0,1.6,0.0,0.1,0.0,0.0,0.0,1.5,0.0,[]
208,,Wed Dec 01 21:33:13 EST 2021,SExpressionWLambdaEvaluator.java,1638412393913,2468,2468,(I)25,1.0,0.0,0.0,0.0,0.0,0.0,12.5,0.0,0.0,0.0,0.0,0.0,12.5,0.0,[]
209,,Wed Dec 01 21:33:16 EST 2021,SExpressionWLambdaEvaluator.java,1638412396381,-50301,-50301,(I)11(R)2(I)8,0.9047619047619048,0.0,0.0,0.0,0.0,0.0,0.0,0.0,0.0,0.0,0.0,null,0.0,0.0,[]
210,,Wed Dec 01 21:32:42 EST 2021,SExpressionWLambdaEvaluator.java,1638412362383,54623,0,(I)8(R)1(I)14,0.9565217391304348,0.0,0.0,0.0,0.0,0.0,0.42592592592592593,0.0,0.0,0.0,0.0,0.018518518518518517,0.4074074074074074,0.0,[]
211,,Wed Dec 01 21:33:37 EST 2021,SExpressionWLambdaEvaluator.java,1638412417138,3435,3435,(I)21,1.0,0.0,0.0,0.0,0.0,0.0,7.0,0.0,0.0,0.0,0.0,0.0,7.0,0.0,[]
212,,Wed Dec 01 21:33:40 EST 2021,SExpressionWLambdaEvaluator.java,1638412420573,8121,8121,(I)7(R)2,0.7777777777777778,0.0,0.0,0.0,0.0,0.0,1.125,0.0,0.0,0.0,0.0,0.25,0.875,0.0,[]
213,,Wed Dec 01 21:33:48 EST 2021,SExpressionWLambdaEvaluator.java,1638412428932,2335,2335,(I)23,1.0,0.0,0.0,0.0,0.0,0.0,11.5,0.0,0.0,0.0,0.0,0.0,11.5,0.0,[]
214,,Wed Dec 01 21:33:51 EST 2021,SExpressionWLambdaEvaluator.java,1638412431267,14484,0,(I)17,1.0,0.0,0.0,0.0,0.0,0.0,1.2142857142857142,0.0,0.0,0.0,0.0,0.0,1.2142857142857142,0.0,[]
215,,Wed Dec 01 21:34:05 EST 2021,SExpressionWLambdaEvaluator.java,1638412445820,7160,7160,(I)22,1.0,0.0,0.0,0.0,0.0,0.0,3.142857142857143,0.0,0.0,0.0,0.0,0.0,3.142857142857143,0.0,[]
216,,Wed Dec 01 21:34:14 EST 2021,SExpressionWLambdaEvaluator.java,1638412454610,-5711,-5711,(I)9(R)1(I)4(R)1(I)5(R)1,0.8571428571428571,0.0,0.0,0.0,0.0,0.0,0.0,0.0,0.0,0.0,0.0,null,0.0,0.0,[]
217,,Wed Dec 01 21:34:12 EST 2021,SExpressionWLambdaEvaluator.java,1638412452980,24740,0,(I)23,1.0,0.0,0.0,0.0,0.0,0.0,0.9583333333333334,0.0,0.0,0.0,0.0,0.0,0.9583333333333334,0.0,[]
218,,Wed Dec 01 21:34:37 EST 2021,SExpressionWLambdaEvaluator.java,1638412477963,2253,2253,(I)2(R)3(I)20,0.88,0.0,0.0,0.0,0.0,0.0,12.5,0.0,0.0,0.0,0.0,1.5,11.0,0.0,[]
219,,Wed Dec 01 21:34:40 EST 2021,SExpressionWLambdaEvaluator.java,1638412480315,8698,8698,(I)6(R)2(I)7,0.8666666666666667,0.0,0.0,0.0,0.0,0.0,1.875,0.0,0.0,0.0,0.0,0.25,1.625,0.0,[]
220,,Wed Dec 01 21:34:49 EST 2021,SExpressionWLambdaEvaluator.java,1638412489013,19710,0,(I)18,1.0,0.0,0.0,0.0,0.0,0.0,0.9473684210526315,0.0,0.0,0.0,0.0,0.0,0.9473684210526315,0.0,[]
221,,Wed Dec 01 21:35:08 EST 2021,SExpressionWLambdaEvaluator.java,1638412508723,2215,2215,(I)13(R)12,0.52,0.0,0.0,0.0,0.0,0.0,12.5,0.0,0.0,0.0,0.0,6.0,6.5,0.0,[]
222,,Wed Dec 01 21:35:11 EST 2021,SExpressionWLambdaEvaluator.java,1638412511072,2287,2287,(R)4(I)21,0.84,0.0,0.0,0.0,0.0,0.0,12.5,0.0,0.0,0.0,0.0,2.0,10.5,0.0,[]
223,,Wed Dec 01 21:35:13 EST 2021,SExpressionWLambdaEvaluator.java,1638412513359,5410,5410,(I)24,1.0,0.0,0.0,0.0,0.0,0.0,4.8,0.0,0.0,0.0,0.0,0.0,4.8,0.0,[]
224,,Wed Dec 01 21:35:18 EST 2021,SExpressionWLambdaEvaluator.java,1638412518769,2602,2602,(I)25,1.0,0.0,0.0,0.0,0.0,0.0,12.5,0.0,0.0,0.0,0.0,0.0,12.5,0.0,[]
225,,Wed Dec 01 21:35:21 EST 2021,SExpressionWLambdaEvaluator.java,1638412521670,4820,4820,(I)24,1.0,0.0,0.0,0.0,0.0,0.0,6.0,0.0,0.0,0.0,0.0,0.0,6.0,0.0,[]
226,,Wed Dec 01 21:35:26 EST 2021,SExpressionWLambdaEvaluator.java,1638412526645,3299,3299,(I)23,1.0,0.0,0.0,0.0,0.0,0.0,7.666666666666667,0.0,0.0,0.0,0.0,0.0,7.666666666666667,0.0,[]
227,,Wed Dec 01 21:35:29 EST 2021,SExpressionWLambdaEvaluator.java,1638412529944,3881,3881,(I)17,1.0,0.0,0.0,0.0,0.0,0.0,5.666666666666667,0.0,0.0,0.0,0.0,0.0,5.666666666666667,0.0,[]
228,,Wed Dec 01 21:35:34 EST 2021,SExpressionWLambdaEvaluator.java,1638412534095,5046,5046,(I)23,1.0,0.0,0.0,0.0,0.0,0.0,4.6,0.0,0.0,0.0,0.0,0.0,4.6,0.0,[]
229,,Wed Dec 01 21:35:39 EST 2021,SExpressionWLambdaEvaluator.java,1638412539141,-5049,-5049,(I)5(R)1(I)2(R)1(I)6(R)1(I)9,0.88,0.0,0.0,0.0,0.0,0.0,0.0,0.0,0.0,0.0,0.0,null,0.0,0.0,[]
230,,Wed Dec 01 21:35:39 EST 2021,SExpressionWLambdaEvaluator.java,1638412539442,17673,0,(I)15(R)2(I)3,0.9,0.0,0.0,0.0,0.0,0.0,1.1764705882352942,0.0,0.0,0.0,0.0,0.11764705882352941,1.0588235294117647,0.0,[]
231,,Wed Dec 01 21:35:57 EST 2021,SExpressionWLambdaEvaluator.java,1638412557115,23179,0,(I)24,1.0,0.0,0.0,0.0,0.0,0.0,1.0434782608695652,0.0,0.0,0.0,0.0,0.0,1.0434782608695652,0.0,[]
232,,Wed Dec 01 21:36:20 EST 2021,SExpressionWLambdaEvaluator.java,1638412580294,3632,3632,(I)19,1.0,0.0,0.0,0.0,0.0,0.0,6.333333333333333,0.0,0.0,0.0,0.0,0.0,6.333333333333333,0.0,[]
233,,Wed Dec 01 21:36:24 EST 2021,SExpressionWLambdaEvaluator.java,1638412584028,1292,1292,(I)6(R)8(I)11,0.68,0.0,0.0,0.0,0.0,0.0,25.0,0.0,0.0,0.0,0.0,8.0,17.0,0.0,[]
234,,Wed Dec 01 21:36:25 EST 2021,SExpressionWLambdaEvaluator.java,1638412585320,17696,0,(I)1(R)6(I)15,0.7272727272727273,0.0,0.0,0.0,0.0,0.0,1.2941176470588236,0.0,0.0,0.0,0.0,0.35294117647058826,0.9411764705882353,0.0,[]
235,,Wed Dec 01 21:36:43 EST 2021,SExpressionWLambdaEvaluator.java,1638412603135,2339,2339,(I)19(R)6,0.76,0.0,0.0,0.0,0.0,0.0,12.5,0.0,0.0,0.0,0.0,3.0,9.5,0.0,[]
236,,Wed Dec 01 21:36:45 EST 2021,SExpressionWLambdaEvaluator.java,1638412605598,1610,1610,(R)10(I)15,0.6,0.0,0.0,0.0,0.0,0.0,25.0,0.0,0.0,0.0,0.0,10.0,15.0,0.0,[]
237,,Wed Dec 01 21:36:47 EST 2021,SExpressionWLambdaEvaluator.java,1638412607208,-25081,-25081,(I)21(R)1(I)3,0.96,0.0,0.0,0.0,0.0,0.0,0.0,0.0,0.0,0.0,0.0,null,0.0,0.0,[]
238,,Wed Dec 01 21:36:22 EST 2021,SExpressionWLambdaEvaluator.java,1638412582665,27028,0,(I)1(R)1(I)1(R)1(I)4(R)1(I)14,0.8695652173913043,0.0,0.0,0.0,0.0,0.0,0.8518518518518519,0.0,0.0,0.0,0.0,0.1111111111111111,0.7407407407407407,0.0,[]
239,,Wed Dec 01 21:36:50 EST 2021,SExpressionWLambdaEvaluator.java,1638412610945,6977,6977,(I)23,1.0,0.0,0.0,0.0,0.0,0.0,3.8333333333333335,0.0,0.0,0.0,0.0,0.0,3.8333333333333335,0.0,[]
240,,Wed Dec 01 21:36:57 EST 2021,SExpressionWLambdaEvaluator.java,1638412617922,2081,2081,(I)25,1.0,0.0,0.0,0.0,0.0,0.0,12.5,0.0,0.0,0.0,0.0,0.0,12.5,0.0,[]
241,,Wed Dec 01 21:37:00 EST 2021,SExpressionWLambdaEvaluator.java,1638412620100,10023,0,(I)20,1.0,0.0,0.0,0.0,0.0,0.0,2.0,0.0,0.0,0.0,0.0,0.0,2.0,0.0,[]
242,,Wed Dec 01 21:37:10 EST 2021,SExpressionWLambdaEvaluator.java,1638412630201,25065,0,(I)4(R)4(I)8(R)2(I)3,0.7142857142857143,0.0,0.0,0.0,0.0,0.0,0.84,0.0,0.0,0.0,0.0,0.24,0.6,0.0,[]
243,,Wed Dec 01 21:37:35 EST 2021,SExpressionWLambdaEvaluator.java,1638412655266,8380,8380,(I)3(R)4(I)16,0.8260869565217391,0.0,0.0,0.0,0.0,0.0,2.875,0.0,0.0,0.0,0.0,0.5,2.375,0.0,[]
244,,Wed Dec 01 21:37:43 EST 2021,SExpressionWLambdaEvaluator.java,1638412663760,3699,3699,(I)18(R)2,0.9,0.0,0.0,0.0,0.0,0.0,6.666666666666667,0.0,0.0,0.0,0.0,0.6666666666666666,6.0,0.0,[]
245,,Wed Dec 01 21:37:47 EST 2021,SExpressionWLambdaEvaluator.java,1638412667782,1581,1581,(R)2(I)23,0.92,0.0,0.0,0.0,0.0,0.0,25.0,0.0,0.0,0.0,0.0,2.0,23.0,0.0,[]
246,,Wed Dec 01 21:37:49 EST 2021,SExpressionWLambdaEvaluator.java,1638412669363,2560,2560,(I)5(R)2(I)4,0.8181818181818182,0.0,0.0,0.0,0.0,0.0,5.5,0.0,0.0,0.0,0.0,1.0,4.5,0.0,[]
247,,Wed Dec 01 21:37:54 EST 2021,SExpressionWLambdaEvaluator.java,1638412674234,3571,3571,(I)16(R)4,0.8,0.0,0.0,0.0,0.0,0.0,6.666666666666667,0.0,0.0,0.0,0.0,1.3333333333333333,5.333333333333333,0.0,[]
248,,Wed Dec 01 21:37:57 EST 2021,SExpressionWLambdaEvaluator.java,1638412677907,-3673,-3673,(R)6(I)2(R)3(I)4(R)1(I)1(R)1(I)3,0.47619047619047616,0.0,0.0,0.0,0.0,0.0,0.0,0.0,0.0,0.0,0.0,null,0.0,0.0,[]
249,,Wed Dec 01 21:37:55 EST 2021,SExpressionWLambdaEvaluator.java,1638412675527,20400,0,(I)1(R)1(I)18,0.95,0.0,0.0,0.0,0.0,0.0,1.0,0.0,0.0,0.0,0.0,0.05,0.95,0.0,[]
250,,Wed Dec 01 21:38:15 EST 2021,SExpressionWLambdaEvaluator.java,1638412695927,1591,1591,(I)25,1.0,0.0,0.0,0.0,0.0,0.0,25.0,0.0,0.0,0.0,0.0,0.0,25.0,0.0,[]
251,,Wed Dec 01 21:38:17 EST 2021,SExpressionWLambdaEvaluator.java,1638412697626,13473,0,(I)19,1.0,0.0,0.0,0.0,0.0,0.0,1.4615384615384615,0.0,0.0,0.0,0.0,0.0,1.4615384615384615,0.0,[]
252,,Wed Dec 01 21:38:31 EST 2021,SExpressionWLambdaEvaluator.java,1638412711099,3801,3801,(I)22,1.0,0.0,0.0,0.0,0.0,0.0,7.333333333333333,0.0,0.0,0.0,0.0,0.0,7.333333333333333,0.0,[]
253,,Wed Dec 01 21:38:34 EST 2021,SExpressionWLambdaEvaluator.java,1638412714900,14009,0,(I)3(D)1(F)2(I)10,0.8125,6.25,0.0,12.5,0.0,0.0,1.1428571428571428,0.0,0.07142857142857142,0.14285714285714285,0.0,0.0,0.9285714285714286,0.0,[]
254,,Wed Dec 01 21:38:48 EST 2021,SExpressionWLambdaEvaluator.java,1638412728909,17103,0,(I)9(D)1(I)2,0.9166666666666666,8.333333333333332,0.0,0.0,0.0,0.0,0.7058823529411765,0.0,0.058823529411764705,0.0,0.0,0.0,0.6470588235294118,0.0,[]
255,,Wed Dec 01 21:39:06 EST 2021,SExpressionWLambdaEvaluator.java,1638412746012,18470,0,(I)1(D)1(I)3(R)2(I)2(D)1(F)2(I)1,0.5384615384615384,15.384615384615385,0.0,15.384615384615385,0.0,0.0,0.7222222222222222,0.0,0.1111111111111111,0.1111111111111111,0.0,0.1111111111111111,0.3888888888888889,0.0,[]
256,,Wed Dec 01 21:39:28 EST 2021,SExpressionWLambdaEvaluator.java,1638412768034,30824,0,(I)10(D)1,0.9090909090909091,9.090909090909092,0.0,0.0,0.0,0.0,0.36666666666666664,0.0,0.03333333333333333,0.0,0.0,0.0,0.3333333333333333,0.0,[]
257,,Wed Dec 01 21:40:01 EST 2021,SExpressionWLambdaEvaluator.java,1638412801635,58670,0,(I)1(F)2(I)10,0.8461538461538461,0.0,0.0,15.384615384615385,0.0,0.0,0.22413793103448276,0.0,0.0,0.034482758620689655,0.0,0.0,0.1896551724137931,0.0,[]
258,,Wed Dec 01 21:41:00 EST 2021,SExpressionWLambdaEvaluator.java,1638412860427,2470,2470,(I)6(R)10(I)9,0.6,0.0,0.0,0.0,0.0,0.0,12.5,0.0,0.0,0.0,0.0,5.0,7.5,0.0,[]
259,,Wed Dec 01 21:41:02 EST 2021,SExpressionWLambdaEvaluator.java,1638412862898,54328,0,(I)11(D)1(I)3,0.9333333333333333,6.666666666666667,0.0,0.0,0.0,0.0,0.2777777777777778,0.0,0.018518518518518517,0.0,0.0,0.0,0.25925925925925924,0.0,[]
260,,Wed Dec 01 21:41:57 EST 2021,SExpressionWLambdaEvaluator.java,1638412917226,-222633,-222633,(I)14(R)10(I)1,0.6,0.0,0.0,0.0,0.0,0.0,0.0,0.0,0.0,0.0,0.0,null,0.0,0.0,[]
261,,Wed Dec 01 21:38:16 EST 2021,SExpressionWLambdaEvaluator.java,1638412696254,226022,0,(I)10(R)1(I)5(R)1(I)2(R)1(I)1(R)1(I)2,0.8333333333333334,0.0,0.0,0.0,0.0,0.0,0.10619469026548672,0.0,0.0,0.0,0.0,0.017699115044247787,0.08849557522123894,0.0,[]
262,,Wed Dec 01 21:42:02 EST 2021,SExpressionWLambdaEvaluator.java,1638412922419,2553,2553,(I)6(R)6(I)12,0.75,0.0,0.0,0.0,0.0,0.0,12.0,0.0,0.0,0.0,0.0,3.0,9.0,0.0,[]
263,,Wed Dec 01 21:42:05 EST 2021,SExpressionWLambdaEvaluator.java,1638412925082,1623,1623,(I)10(R)15,0.4,0.0,0.0,0.0,0.0,0.0,25.0,0.0,0.0,0.0,0.0,15.0,10.0,0.0,[]
264,,Wed Dec 01 21:42:06 EST 2021,SExpressionWLambdaEvaluator.java,1638412926705,2071,2071,(R)9(I)16,0.64,0.0,0.0,0.0,0.0,0.0,12.5,0.0,0.0,0.0,0.0,4.5,8.0,0.0,[]
265,,Wed Dec 01 21:42:09 EST 2021,SExpressionWLambdaEvaluator.java,1638412929331,4970,4970,(R)2(I)1(R)1(I)1(R)1(I)18,0.8333333333333334,0.0,0.0,0.0,0.0,0.0,6.0,0.0,0.0,0.0,0.0,1.0,5.0,0.0,[]
266,,Wed Dec 01 21:42:14 EST 2021,SExpressionWLambdaEvaluator.java,1638412934393,4868,4868,(I)8(R)2(I)12,0.9090909090909091,0.0,0.0,0.0,0.0,0.0,5.5,0.0,0.0,0.0,0.0,0.5,5.0,0.0,[]
267,,Wed Dec 01 21:42:19 EST 2021,SExpressionWLambdaEvaluator.java,1638412939368,24160,0,(I)14(R)4(I)4,0.8181818181818182,0.0,0.0,0.0,0.0,0.0,0.9166666666666666,0.0,0.0,0.0,0.0,0.16666666666666666,0.75,0.0,[]
268,,Wed Dec 01 21:42:43 EST 2021,SExpressionWLambdaEvaluator.java,1638412963658,10649,0,(I)12(R)2(I)7,0.9047619047619048,0.0,0.0,0.0,0.0,0.0,2.1,0.0,0.0,0.0,0.0,0.2,1.9,0.0,[]
269,,Wed Dec 01 21:42:54 EST 2021,SExpressionWLambdaEvaluator.java,1638412974307,104920,0,(I)1(D)1(I)1(D)1(F)4(I)1,0.3333333333333333,22.22222222222222,0.0,44.44444444444444,0.0,0.0,0.08653846153846154,0.0,0.019230769230769232,0.038461538461538464,0.0,0.0,0.028846153846153848,0.0,[]
270,,Wed Dec 01 21:44:39 EST 2021,SExpressionWLambdaEvaluator.java,1638413079227,8658,8658,(I)4(R)8(I)2(R)4(I)2,0.4,0.0,0.0,0.0,0.0,0.0,2.5,0.0,0.0,0.0,0.0,1.5,1.0,0.0,[]
271,,Wed Dec 01 21:44:48 EST 2021,test.lisp,1638413088074,4299,4299,(I)14(D)1,0.9333333333333333,6.666666666666667,0.0,0.0,0.0,0.0,3.75,0.0,0.25,0.0,0.0,0.0,3.5,0.0,[]
272,,Wed Dec 01 21:44:53 EST 2021,SExpressionWLambdaEvaluator.java,1638413093304,-124785,-124785,(I)4(R)1(I)2(R)1(I)1(R)1(I)3,0.7692307692307693,0.0,0.0,0.0,0.0,0.0,0.0,0.0,0.0,0.0,0.0,null,0.0,0.0,[]
273,,Wed Dec 01 21:44:17 EST 2021,SExpressionWLambdaEvaluator.java,1638413057993,85796,0,(R)2(I)5(R)1(I)10,0.8333333333333334,0.0,0.0,0.0,0.0,0.0,0.21176470588235294,0.0,0.0,0.0,0.0,0.03529411764705882,0.17647058823529413,0.0,[]
274,,Wed Dec 01 21:45:44 EST 2021,SExpressionWLambdaEvaluator.java,1638413144042,5389,5389,(I)22,1.0,0.0,0.0,0.0,0.0,0.0,4.4,0.0,0.0,0.0,0.0,0.0,4.4,0.0,[]
275,,Wed Dec 01 21:45:49 EST 2021,SExpressionWLambdaEvaluator.java,1638413149431,5178,5178,(I)17,1.0,0.0,0.0,0.0,0.0,0.0,3.4,0.0,0.0,0.0,0.0,0.0,3.4,0.0,[]
276,,Wed Dec 01 21:45:54 EST 2021,SExpressionWLambdaEvaluator.java,1638413154609,63776,0,(D)1(I)1(F)8(I)2(R)2,0.21428571428571427,7.142857142857142,0.0,57.14285714285714,0.0,0.0,0.2222222222222222,0.0,0.015873015873015872,0.12698412698412698,0.0,0.031746031746031744,0.047619047619047616,0.0,[]
277,,Wed Dec 01 21:46:58 EST 2021,SExpressionWLambdaEvaluator.java,1638413218522,26757,0,(D)1(I)1(F)6(I)1(F)2,0.18181818181818182,9.090909090909092,0.0,72.72727272727273,0.0,0.0,0.4230769230769231,0.0,0.038461538461538464,0.3076923076923077,0.0,0.0,0.07692307692307693,0.0,[]
278,,Wed Dec 01 21:47:30 EST 2021,SExpressionWLambdaEvaluator.java,1638413250662,17506,0,(I)2(R)6(D)1(I)3,0.4166666666666667,8.333333333333332,0.0,0.0,0.0,0.0,0.7058823529411765,0.0,0.058823529411764705,0.0,0.0,0.35294117647058826,0.29411764705882354,0.0,[]
279,,Wed Dec 01 21:47:48 EST 2021,SExpressionWLambdaEvaluator.java,1638413268271,19954,0,(I)4(R)2(I)14,0.9,0.0,0.0,0.0,0.0,0.0,1.0526315789473684,0.0,0.0,0.0,0.0,0.10526315789473684,0.9473684210526315,0.0,[]
280,,Wed Dec 01 21:48:08 EST 2021,SExpressionWLambdaEvaluator.java,1638413288225,13692,0,(I)19,1.0,0.0,0.0,0.0,0.0,0.0,1.4615384615384615,0.0,0.0,0.0,0.0,0.0,1.4615384615384615,0.0,[]
281,,Wed Dec 01 21:48:21 EST 2021,LambdaEvaluator.java,1638413301917,13442,0,(I)10(D)1(I)1(F)2,0.7857142857142857,7.142857142857142,0.0,14.285714285714285,0.0,0.0,1.0769230769230769,0.0,0.07692307692307693,0.15384615384615385,0.0,0.0,0.8461538461538461,0.0,[]
282,,Wed Dec 01 21:48:35 EST 2021,SExpressionWLambdaEvaluator.java,1638413315818,149196,0,(I)3(F)8(I)2,0.38461538461538464,0.0,0.0,61.53846153846154,0.0,0.0,0.087248322147651,0.0,0.0,0.053691275167785234,0.0,0.0,0.03355704697986577,8.0,[1638413444685 55 Java-lisp-interpreter/src/main/lisp/evaluator at master · avitkus/Java-lisp-interpreter https://github.com/avitkus/Java-lisp-interpreter/tree/master/src/main/lisp/evaluator, 1638413436695 3 Java-lisp-interpreter/ExpressionEvaluatorFactory.java at master · avitkus/Java-lisp-interpreter https://github.com/avitkus/Java-lisp-interpreter/blob/master/src/main/lisp/evaluator/ExpressionEvaluatorFactory.java, 1638413412672 43 Assignment-6.docx - Google Docs https://docs.google.com/document/d/1vDGOP1LhUlGlwbPQf52p_k0IgNqn9Ibq/edit#, 1638413442025 21 Java-lisp-interpreter/src/main/lisp/evaluator/function at master · avitkus/Java-lisp-interpreter https://github.com/avitkus/Java-lisp-interpreter/tree/master/src/main/lisp/evaluator/function, 1638413458131 7 Java-lisp-interpreter/BasicExpressionEvaluator.java at master · avitkus/Java-lisp-interpreter https://github.com/avitkus/Java-lisp-interpreter/blob/master/src/main/lisp/evaluator/BasicExpressionEvaluator.java, 1638413413587 1 Java-lisp-interpreter/EnvironmentFactory.java at master · avitkus/Java-lisp-interpreter https://www.google.com/url?q=https://github.com/avitkus/Java-lisp-interpreter/blob/master/src/main/lisp/evaluator/environment/EnvironmentFactory.java&sa=D&source=docs&ust=1638417012945000&usg=AOvVaw3vcIpQmRLPUylAEtUVj9fh, 1638413415283 2 Java-lisp-interpreter/EnvironmentFactory.java at master · avitkus/Java-lisp-interpreter https://github.com/avitkus/Java-lisp-interpreter/blob/master/src/main/lisp/evaluator/environment/EnvironmentFactory.java, 1638413434596 2 Java-lisp-interpreter/ExpressionEvaluator.java at master · avitkus/Java-lisp-interpreter https://github.com/avitkus/Java-lisp-interpreter/blob/master/src/main/lisp/evaluator/ExpressionEvaluator.java]
283,,Wed Dec 01 21:51:05 EST 2021,SExpressionWLambdaEvaluator.java,1638413465210,-313823,-313823,(I)10(F)2(I)4,0.875,0.0,0.0,12.5,0.0,0.0,0.0,0.0,0.0,0.0,0.0,null,0.0,0.0,[]
284,,Wed Dec 01 21:45:51 EST 2021,SExpressionWLambdaEvaluator.java,1638413151912,355301,0,(I)1(R)2(I)1(R)1(I)1(R)1(I)3(R)2(I)8,0.7,0.0,0.0,0.0,0.0,0.0,0.056338028169014086,0.0,0.0,0.0,0.0,0.016901408450704224,0.03943661971830986,8.0,[1638413444685 55 Java-lisp-interpreter/src/main/lisp/evaluator at master · avitkus/Java-lisp-interpreter https://github.com/avitkus/Java-lisp-interpreter/tree/master/src/main/lisp/evaluator, 1638413436695 3 Java-lisp-interpreter/ExpressionEvaluatorFactory.java at master · avitkus/Java-lisp-interpreter https://github.com/avitkus/Java-lisp-interpreter/blob/master/src/main/lisp/evaluator/ExpressionEvaluatorFactory.java, 1638413412672 43 Assignment-6.docx - Google Docs https://docs.google.com/document/d/1vDGOP1LhUlGlwbPQf52p_k0IgNqn9Ibq/edit#, 1638413442025 21 Java-lisp-interpreter/src/main/lisp/evaluator/function at master · avitkus/Java-lisp-interpreter https://github.com/avitkus/Java-lisp-interpreter/tree/master/src/main/lisp/evaluator/function, 1638413458131 7 Java-lisp-interpreter/BasicExpressionEvaluator.java at master · avitkus/Java-lisp-interpreter https://github.com/avitkus/Java-lisp-interpreter/blob/master/src/main/lisp/evaluator/BasicExpressionEvaluator.java, 1638413413587 1 Java-lisp-interpreter/EnvironmentFactory.java at master · avitkus/Java-lisp-interpreter https://www.google.com/url?q=https://github.com/avitkus/Java-lisp-interpreter/blob/master/src/main/lisp/evaluator/environment/EnvironmentFactory.java&sa=D&source=docs&ust=1638417012945000&usg=AOvVaw3vcIpQmRLPUylAEtUVj9fh, 1638413415283 2 Java-lisp-interpreter/EnvironmentFactory.java at master · avitkus/Java-lisp-interpreter https://github.com/avitkus/Java-lisp-interpreter/blob/master/src/main/lisp/evaluator/environment/EnvironmentFactory.java, 1638413434596 2 Java-lisp-interpreter/ExpressionEvaluator.java at master · avitkus/Java-lisp-interpreter https://github.com/avitkus/Java-lisp-interpreter/blob/master/src/main/lisp/evaluator/ExpressionEvaluator.java]
285,,Wed Dec 01 21:51:47 EST 2021,SExpressionWLambdaEvaluator.java,1638413507213,3445,3445,(I)17(R)8,0.68,0.0,0.0,0.0,0.0,0.0,8.333333333333334,0.0,0.0,0.0,0.0,2.6666666666666665,5.666666666666667,0.0,[]
286,,Wed Dec 01 21:51:51 EST 2021,SExpressionWLambdaEvaluator.java,1638413511345,7121,7121,(I)21,1.0,0.0,0.0,0.0,0.0,0.0,3.0,0.0,0.0,0.0,0.0,0.0,3.0,0.0,[]
287,,Wed Dec 01 21:51:58 EST 2021,SExpressionWLambdaEvaluator.java,1638413518466,3507,3507,(I)11(R)8(I)2(F)1,0.5909090909090909,0.0,0.0,4.545454545454546,0.0,0.0,7.333333333333333,0.0,0.0,0.3333333333333333,0.0,2.6666666666666665,4.333333333333333,0.0,[]
288,,Wed Dec 01 21:52:04 EST 2021,SExpressionWLambdaEvaluator.java,1638413524287,3857,3857,(F)1(I)20,0.9523809523809523,0.0,0.0,4.761904761904762,0.0,0.0,7.0,0.0,0.0,0.3333333333333333,0.0,0.0,6.666666666666667,0.0,[]
289,,Wed Dec 01 21:52:08 EST 2021,SExpressionWLambdaEvaluator.java,1638413528217,7478,7478,(I)19,1.0,0.0,0.0,0.0,0.0,0.0,2.7142857142857144,0.0,0.0,0.0,0.0,0.0,2.7142857142857144,0.0,[]
290,,Wed Dec 01 21:52:15 EST 2021,SExpressionWLambdaEvaluator.java,1638413535695,8708,8708,(I)13(R)4(I)2,0.7894736842105263,0.0,0.0,0.0,0.0,0.0,2.375,0.0,0.0,0.0,0.0,0.5,1.875,0.0,[]
291,,Wed Dec 01 21:52:25 EST 2021,SExpressionWLambdaEvaluator.java,1638413545006,17677,0,(I)2(D)1(I)1(F)4(I)1,0.4444444444444444,11.11111111111111,0.0,44.44444444444444,0.0,0.0,0.5294117647058824,0.0,0.058823529411764705,0.23529411764705882,0.0,0.0,0.23529411764705882,0.0,[]
292,,Wed Dec 01 21:52:44 EST 2021,SExpressionWLambdaEvaluator.java,1638413564347,38974,0,(I)3(R)2(I)10,0.8666666666666667,0.0,0.0,0.0,0.0,0.0,0.39473684210526316,0.0,0.0,0.0,0.0,0.05263157894736842,0.34210526315789475,0.0,[]
293,,Wed Dec 01 21:53:23 EST 2021,SExpressionWLambdaEvaluator.java,1638413603321,32673,0,(F)2(I)2(D)1(F)2(I)10,0.7058823529411765,5.88235294117647,0.0,23.52941176470588,0.0,0.0,0.53125,0.0,0.03125,0.125,0.0,0.0,0.375,0.0,[]
294,,Wed Dec 01 21:53:55 EST 2021,SExpressionWLambdaEvaluator.java,1638413635994,2782,2782,(I)23,1.0,0.0,0.0,0.0,0.0,0.0,11.5,0.0,0.0,0.0,0.0,0.0,11.5,0.0,[]
295,,Wed Dec 01 21:53:59 EST 2021,SExpressionWLambdaEvaluator.java,1638413639582,38904,0,(I)2(D)1(I)7(R)3,0.6923076923076923,7.6923076923076925,0.0,0.0,0.0,0.0,0.34210526315789475,0.0,0.02631578947368421,0.0,0.0,0.07894736842105263,0.23684210526315788,0.0,[]
296,,Wed Dec 01 21:54:38 EST 2021,SExpressionWLambdaEvaluator.java,1638413678486,3042,3042,(R)5(I)19,0.7916666666666666,0.0,0.0,0.0,0.0,0.0,8.0,0.0,0.0,0.0,0.0,1.6666666666666667,6.333333333333333,0.0,[]
297,,Wed Dec 01 21:54:41 EST 2021,SExpressionWLambdaEvaluator.java,1638413681529,19990,0,(I)5(D)1(I)7,0.9230769230769231,7.6923076923076925,0.0,0.0,0.0,0.0,0.6842105263157895,0.0,0.05263157894736842,0.0,0.0,0.0,0.631578947368421,0.0,[]
298,,Wed Dec 01 21:55:01 EST 2021,SExpressionWLambdaEvaluator.java,1638413701636,6781,6781,(I)16(D)1(I)1,0.9444444444444444,5.555555555555555,0.0,0.0,0.0,0.0,3.0,0.0,0.16666666666666666,0.0,0.0,0.0,2.8333333333333335,0.0,[]
299,,Wed Dec 01 21:51:48 EST 2021,SExpressionWLambdaEvaluator.java,1638413508001,202397,0,(I)1(R)1(I)2(R)1(I)4(R)1(I)1(R)2(I)2(R)1(I)6,0.7272727272727273,0.0,0.0,0.0,0.0,0.0,0.10891089108910891,0.0,0.0,0.0,0.0,0.0297029702970297,0.07920792079207921,0.0,[]
300,,Wed Dec 01 21:55:10 EST 2021,SExpressionWLambdaEvaluator.java,1638413710398,102016,0,(I)4(R)4(F)2(I)6(F)4,0.5,0.0,0.0,30.0,0.0,0.0,0.19607843137254902,0.0,0.0,0.058823529411764705,0.0,0.0392156862745098,0.09803921568627451,0.0,[]
301,,Wed Dec 01 21:56:54 EST 2021,SExpressionWLambdaEvaluator.java,1638413814815,35624,0,(F)6(I)1(F)8,0.06666666666666667,0.0,0.0,93.33333333333333,0.0,0.0,0.42857142857142855,0.0,0.0,0.4,0.0,0.0,0.02857142857142857,1.0,[]
302,,Wed Dec 01 21:57:31 EST 2021,VariableEval.java,1638413851043,32603,0,(F)2(I)5(F)6(I)1(F)2,0.375,0.0,0.0,62.5,0.0,0.0,0.5,0.0,0.0,0.3125,0.0,0.0,0.1875,0.0,[]
303,,Wed Dec 01 21:58:03 EST 2021,SExpressionWLambdaEvaluator.java,1638413883646,107485,0,(F)4(I)2(F)2(I)4(R)4,0.375,0.0,0.0,37.5,0.0,0.0,0.14953271028037382,0.0,0.0,0.056074766355140186,0.0,0.037383177570093455,0.056074766355140186,2.0,[]
304,,Wed Dec 01 21:59:52 EST 2021,test.lisp,1638413992466,29997,0,(I)12(D)1(F)2,0.8,6.666666666666667,0.0,13.333333333333334,0.0,0.0,0.5172413793103449,0.0,0.034482758620689655,0.06896551724137931,0.0,0.0,0.41379310344827586,0.0,[]
305,,Wed Dec 01 22:00:23 EST 2021,test.lisp,1638414023101,51454,0,(I)1(F)4(D)2(F)1,0.125,25.0,0.0,62.5,0.0,0.0,0.1568627450980392,0.0,0.0392156862745098,0.09803921568627451,0.0,0.0,0.0196078431372549,0.0,[]
306,,Wed Dec 01 22:01:15 EST 2021,SExpressionWLambdaEvaluator.java,1638414075687,22262,0,(D)1(F)1(I)2(F)6,0.2,10.0,0.0,70.0,0.0,0.0,0.45454545454545453,0.0,0.045454545454545456,0.3181818181818182,0.0,0.0,0.09090909090909091,1.0,[]
307,,Wed Dec 01 22:01:37 EST 2021,SExpressionWLambdaEvaluator.java,1638414097949,76568,0,(F)13,0.0,0.0,0.0,100.0,0.0,0.0,0.17105263157894737,0.0,0.0,0.17105263157894737,0.0,0.0,0.0,4.0,[1638414142337 57 Java-lisp-interpreter/src/main/lisp/evaluator at master · avitkus/Java-lisp-interpreter https://github.com/avitkus/Java-lisp-interpreter/tree/master/src/main/lisp/evaluator, 1638414157202 24 Java-lisp-interpreter/src/main/lisp/evaluator/function at master · avitkus/Java-lisp-interpreter https://github.com/avitkus/Java-lisp-interpreter/tree/master/src/main/lisp/evaluator/function, 1638414160077 5 Java-lisp-interpreter/LambdaFactory.java at master · avitkus/Java-lisp-interpreter https://github.com/avitkus/Java-lisp-interpreter/blob/master/src/main/lisp/evaluator/function/LambdaFactory.java, 1638414144400 8 Java-lisp-interpreter/BasicLambda.java at master · avitkus/Java-lisp-interpreter https://github.com/avitkus/Java-lisp-interpreter/blob/master/src/main/lisp/evaluator/function/BasicLambda.java]
308,,Wed Dec 01 22:02:54 EST 2021,SExpressionWLambdaEvaluator.java,1638414174517,25775,0,(F)1(I)8(R)2(I)4(F)4(I)1,0.65,0.0,0.0,25.0,0.0,0.0,0.8,0.0,0.0,0.2,0.0,0.08,0.52,0.0,[]
309,,Wed Dec 01 22:03:20 EST 2021,SExpressionWLambdaEvaluator.java,1638414200292,2012,2012,(I)25,1.0,0.0,0.0,0.0,0.0,0.0,12.5,0.0,0.0,0.0,0.0,0.0,12.5,0.0,[]
310,,Wed Dec 01 22:03:22 EST 2021,SExpressionWLambdaEvaluator.java,1638414202815,8369,8369,(F)2(I)14(R)2(I)4,0.8181818181818182,0.0,0.0,9.090909090909092,0.0,0.0,2.75,0.0,0.0,0.25,0.0,0.25,2.25,0.0,[]
311,,Wed Dec 01 22:03:31 EST 2021,SExpressionWLambdaEvaluator.java,1638414211270,-220296,-220296,(I)12(F)4(R)2,0.6666666666666666,0.0,0.0,22.22222222222222,0.0,0.0,0.0,0.0,0.0,0.0,0.0,null,0.0,0.0,[]
312,,Wed Dec 01 21:59:54 EST 2021,SExpressionWLambdaEvaluator.java,1638413994020,224523,0,(I)1(R)1(I)3(R)1(I)2(R)1(I)5(R)2(I)2,0.7222222222222222,0.0,0.0,0.0,0.0,0.0,0.08035714285714286,0.0,0.0,0.0,0.0,0.022321428571428572,0.05803571428571429,5.0,[1638414142337 57 Java-lisp-interpreter/src/main/lisp/evaluator at master · avitkus/Java-lisp-interpreter https://github.com/avitkus/Java-lisp-interpreter/tree/master/src/main/lisp/evaluator, 1638414157202 24 Java-lisp-interpreter/src/main/lisp/evaluator/function at master · avitkus/Java-lisp-interpreter https://github.com/avitkus/Java-lisp-interpreter/tree/master/src/main/lisp/evaluator/function, 1638414160077 5 Java-lisp-interpreter/LambdaFactory.java at master · avitkus/Java-lisp-interpreter https://github.com/avitkus/Java-lisp-interpreter/blob/master/src/main/lisp/evaluator/function/LambdaFactory.java, 1638414144400 8 Java-lisp-interpreter/BasicLambda.java at master · avitkus/Java-lisp-interpreter https://github.com/avitkus/Java-lisp-interpreter/blob/master/src/main/lisp/evaluator/function/BasicLambda.java]
313,,Wed Dec 01 22:03:38 EST 2021,SExpressionWLambdaEvaluator.java,1638414218544,39013,0,(I)18,1.0,0.0,0.0,0.0,0.0,0.0,0.46153846153846156,0.0,0.0,0.0,0.0,0.0,0.46153846153846156,0.0,[]
314,,Wed Dec 01 22:04:17 EST 2021,SExpressionWLambdaEvaluator.java,1638414257636,18421,0,(I)23,1.0,0.0,0.0,0.0,0.0,0.0,1.2777777777777777,0.0,0.0,0.0,0.0,0.0,1.2777777777777777,0.0,[]
315,,Wed Dec 01 22:04:36 EST 2021,SExpressionWLambdaEvaluator.java,1638414276310,5221,5221,(I)4(R)1(I)2(R)2(I)12,0.8571428571428571,0.0,0.0,0.0,0.0,0.0,4.2,0.0,0.0,0.0,0.0,0.6,3.6,0.0,[]
316,,Wed Dec 01 22:04:41 EST 2021,SExpressionWLambdaEvaluator.java,1638414281794,1376,1376,(I)25,1.0,0.0,0.0,0.0,0.0,0.0,25.0,0.0,0.0,0.0,0.0,0.0,25.0,0.0,[]
317,,Wed Dec 01 22:04:43 EST 2021,SExpressionWLambdaEvaluator.java,1638414283170,6448,6448,(I)7(R)2(I)12,0.9047619047619048,0.0,0.0,0.0,0.0,0.0,3.5,0.0,0.0,0.0,0.0,0.3333333333333333,3.1666666666666665,0.0,[]
318,,Wed Dec 01 22:04:49 EST 2021,SExpressionWLambdaEvaluator.java,1638414289765,6040,6040,(I)24,1.0,0.0,0.0,0.0,0.0,0.0,4.0,0.0,0.0,0.0,0.0,0.0,4.0,0.0,[]
319,,Wed Dec 01 22:04:55 EST 2021,SExpressionWLambdaEvaluator.java,1638414295905,53511,0,(I)4(F)2(I)12,0.8888888888888888,0.0,0.0,11.11111111111111,0.0,0.0,0.33962264150943394,0.0,0.0,0.03773584905660377,0.0,0.0,0.3018867924528302,0.0,[]
320,,Wed Dec 01 22:05:51 EST 2021,SExpressionWLambdaEvaluator.java,1638414351806,17644,0,(R)4(I)4(R)6,0.2857142857142857,0.0,0.0,0.0,0.0,0.0,0.8235294117647058,0.0,0.0,0.0,0.0,0.5882352941176471,0.23529411764705882,0.0,[]
321,,Wed Dec 01 22:06:09 EST 2021,SExpressionWLambdaEvaluator.java,1638414369566,3874,3874,(R)4(I)16,0.8,0.0,0.0,0.0,0.0,0.0,6.666666666666667,0.0,0.0,0.0,0.0,1.3333333333333333,5.333333333333333,0.0,[]
322,,Wed Dec 01 22:06:13 EST 2021,SExpressionWLambdaEvaluator.java,1638414373440,37322,0,(I)21,1.0,0.0,0.0,0.0,0.0,0.0,0.5675675675675675,0.0,0.0,0.0,0.0,0.0,0.5675675675675675,0.0,[]
323,,Wed Dec 01 22:06:50 EST 2021,SExpressionWLambdaEvaluator.java,1638414410870,9811,9811,(I)23,1.0,0.0,0.0,0.0,0.0,0.0,2.5555555555555554,0.0,0.0,0.0,0.0,0.0,2.5555555555555554,0.0,[]
324,,Wed Dec 01 22:07:00 EST 2021,SExpressionWLambdaEvaluator.java,1638414420786,1828,1828,(I)25,1.0,0.0,0.0,0.0,0.0,0.0,25.0,0.0,0.0,0.0,0.0,0.0,25.0,0.0,[]
325,,Wed Dec 01 22:07:02 EST 2021,SExpressionWLambdaEvaluator.java,1638414422614,12495,0,(I)22,1.0,0.0,0.0,0.0,0.0,0.0,1.8333333333333333,0.0,0.0,0.0,0.0,0.0,1.8333333333333333,0.0,[]
326,,Wed Dec 01 22:07:15 EST 2021,SExpressionWLambdaEvaluator.java,1638414435110,2020,2020,(I)23,1.0,0.0,0.0,0.0,0.0,0.0,11.5,0.0,0.0,0.0,0.0,0.0,11.5,0.0,[]
327,,Wed Dec 01 22:07:17 EST 2021,SExpressionWLambdaEvaluator.java,1638414437254,4886,4886,(I)16(R)4(I)4,0.8333333333333334,0.0,0.0,0.0,0.0,0.0,6.0,0.0,0.0,0.0,0.0,1.0,5.0,0.0,[]
328,,Wed Dec 01 22:07:22 EST 2021,SExpressionWLambdaEvaluator.java,1638414442239,-22999,-22999,(I)7(R)1(I)6(R)2(I)7,0.8695652173913043,0.0,0.0,0.0,0.0,0.0,0.0,0.0,0.0,0.0,0.0,null,0.0,0.0,[]
329,,Wed Dec 01 22:07:15 EST 2021,SExpressionWLambdaEvaluator.java,1638414435106,15980,0,(I)2(R)1(I)16,0.9473684210526315,0.0,0.0,0.0,0.0,0.0,1.2666666666666666,0.0,0.0,0.0,0.0,0.06666666666666667,1.2,0.0,[]
330,,Wed Dec 01 22:07:31 EST 2021,SExpressionWLambdaEvaluator.java,1638414451373,1217,1217,(I)25,1.0,0.0,0.0,0.0,0.0,0.0,25.0,0.0,0.0,0.0,0.0,0.0,25.0,0.0,[]
331,,Wed Dec 01 22:07:32 EST 2021,SExpressionWLambdaEvaluator.java,1638414452590,18105,0,(I)23,1.0,0.0,0.0,0.0,0.0,0.0,1.2777777777777777,0.0,0.0,0.0,0.0,0.0,1.2777777777777777,0.0,[]
332,,Wed Dec 01 22:07:50 EST 2021,SExpressionWLambdaEvaluator.java,1638414470777,1391,1391,(I)25,1.0,0.0,0.0,0.0,0.0,0.0,25.0,0.0,0.0,0.0,0.0,0.0,25.0,0.0,[]
333,,Wed Dec 01 22:07:52 EST 2021,SExpressionWLambdaEvaluator.java,1638414472168,4620,4620,(I)22,1.0,0.0,0.0,0.0,0.0,0.0,5.5,0.0,0.0,0.0,0.0,0.0,5.5,0.0,[]
334,,Wed Dec 01 22:07:56 EST 2021,SExpressionWLambdaEvaluator.java,1638414476788,2603,2603,(I)21,1.0,0.0,0.0,0.0,0.0,0.0,10.5,0.0,0.0,0.0,0.0,0.0,10.5,0.0,[]
335,,Wed Dec 01 22:07:59 EST 2021,SExpressionWLambdaEvaluator.java,1638414479523,9315,9315,(I)20,1.0,0.0,0.0,0.0,0.0,0.0,2.2222222222222223,0.0,0.0,0.0,0.0,0.0,2.2222222222222223,0.0,[]
336,,Wed Dec 01 22:08:08 EST 2021,SExpressionWLambdaEvaluator.java,1638414488838,51315,0,(I)2(R)4(I)13,0.7894736842105263,0.0,0.0,0.0,0.0,0.0,0.37254901960784315,0.0,0.0,0.0,0.0,0.0784313725490196,0.29411764705882354,0.0,[]
337,,Wed Dec 01 22:09:00 EST 2021,SExpressionWLambdaEvaluator.java,1638414540153,25389,0,(I)13,1.0,0.0,0.0,0.0,0.0,0.0,0.52,0.0,0.0,0.0,0.0,0.0,0.52,0.0,[]
338,,Wed Dec 01 22:09:26 EST 2021,SExpressionWLambdaEvaluator.java,1638414566398,11318,0,(I)4(R)8(I)8,0.6,0.0,0.0,0.0,0.0,0.0,1.8181818181818181,0.0,0.0,0.0,0.0,0.7272727272727273,1.0909090909090908,0.0,[]
339,,Wed Dec 01 22:09:37 EST 2021,SExpressionWLambdaEvaluator.java,1638414577854,2084,2084,(I)8(R)8(I)8,0.6666666666666666,0.0,0.0,0.0,0.0,0.0,12.0,0.0,0.0,0.0,0.0,4.0,8.0,0.0,[]
340,,Wed Dec 01 22:09:40 EST 2021,SExpressionWLambdaEvaluator.java,1638414580406,-101987,-101987,(F)2(I)20,0.9090909090909091,0.0,0.0,9.090909090909092,0.0,0.0,0.0,0.0,0.0,0.0,0.0,null,0.0,0.0,[]
341,,Wed Dec 01 22:07:59 EST 2021,SExpressionWLambdaEvaluator.java,1638414479520,132295,0,(I)1(R)1(I)7(R)1(I)1(R)1(I)12,0.875,0.0,0.0,0.0,0.0,0.0,0.18181818181818182,0.0,0.0,0.0,0.0,0.022727272727272728,0.1590909090909091,0.0,[]
342,,Wed Dec 01 22:10:11 EST 2021,SExpressionWLambdaEvaluator.java,1638414611815,2528,2528,(I)1(R)7(I)5(R)7(I)4,0.4166666666666667,0.0,0.0,0.0,0.0,0.0,12.0,0.0,0.0,0.0,0.0,7.0,5.0,0.0,[]
343,,Wed Dec 01 22:10:18 EST 2021,SExpressionWLambdaEvaluator.java,1638414618335,16617,0,(F)2(I)19,0.9047619047619048,0.0,0.0,9.523809523809524,0.0,0.0,1.3125,0.0,0.0,0.125,0.0,0.0,1.1875,0.0,[]
344,,Wed Dec 01 22:10:34 EST 2021,SExpressionWLambdaEvaluator.java,1638414634952,2797,2797,(I)24,1.0,0.0,0.0,0.0,0.0,0.0,12.0,0.0,0.0,0.0,0.0,0.0,12.0,0.0,[]
345,,Wed Dec 01 22:10:37 EST 2021,SExpressionWLambdaEvaluator.java,1638414637852,6876,6876,(I)6(R)2(I)16,0.9166666666666666,0.0,0.0,0.0,0.0,0.0,4.0,0.0,0.0,0.0,0.0,0.3333333333333333,3.6666666666666665,0.0,[]
346,,Wed Dec 01 22:10:44 EST 2021,SExpressionWLambdaEvaluator.java,1638414644729,19029,0,(I)18(R)2,0.9,0.0,0.0,0.0,0.0,0.0,1.0526315789473684,0.0,0.0,0.0,0.0,0.10526315789473684,0.9473684210526315,0.0,[]
347,,Wed Dec 01 22:11:03 EST 2021,SExpressionWLambdaEvaluator.java,1638414663758,3491,3491,(I)22,1.0,0.0,0.0,0.0,0.0,0.0,7.333333333333333,0.0,0.0,0.0,0.0,0.0,7.333333333333333,0.0,[]
348,,Wed Dec 01 22:11:07 EST 2021,SExpressionWLambdaEvaluator.java,1638414667288,20068,0,(I)10(D)1(F)2,0.7692307692307693,7.6923076923076925,0.0,15.384615384615385,0.0,0.0,0.65,0.0,0.05,0.1,0.0,0.0,0.5,2.0,[]
349,,Wed Dec 01 22:11:30 EST 2021,test.lisp,1638414690358,44243,0,(D)2(F)2(I)4(D)1(F)1,0.4,30.0,0.0,30.0,0.0,0.0,0.22727272727272727,0.0,0.06818181818181818,0.06818181818181818,0.0,0.0,0.09090909090909091,0.0,[]
350,,Wed Dec 01 22:12:14 EST 2021,test.lisp,1638414734601,29649,0,(D)4(F)4,0.0,50.0,0.0,50.0,0.0,0.0,0.27586206896551724,0.0,0.13793103448275862,0.13793103448275862,0.0,0.0,0.0,2.0,[]
351,,Wed Dec 01 22:12:46 EST 2021,test.lisp,1638414766799,37264,0,(F)7,0.0,0.0,0.0,100.0,0.0,0.0,0.1891891891891892,0.0,0.0,0.1891891891891892,0.0,0.0,0.0,0.0,[]
352,,Wed Dec 01 22:13:24 EST 2021,test.lisp,1638414804063,50532,0,(D)1(F)13,0.0,7.142857142857142,0.0,92.85714285714286,0.0,0.0,0.28,0.0,0.02,0.26,0.0,0.0,0.0,0.0,[]
353,,Wed Dec 01 22:14:14 EST 2021,test.lisp,1638414854595,23059,0,(F)3(D)1(F)1(D)3(F)1,0.0,44.44444444444444,0.0,55.55555555555556,0.0,0.0,0.391304347826087,0.0,0.17391304347826086,0.21739130434782608,0.0,0.0,0.0,0.0,[]
